img_id,fold
TCGA-A1-A0SK-DX1_xmin45749_ymin25055_MPP-0.2500_0_0,4
TCGA-A1-A0SK-DX1_xmin45749_ymin25055_MPP-0.2500_0_1580,3
TCGA-A1-A0SK-DX1_xmin45749_ymin25055_MPP-0.2500_0_2370,1
TCGA-A1-A0SK-DX1_xmin45749_ymin25055_MPP-0.2500_0_790,0
TCGA-A1-A0SK-DX1_xmin45749_ymin25055_MPP-0.2500_1443_0,2
TCGA-A1-A0SK-DX1_xmin45749_ymin25055_MPP-0.2500_1443_1580,0
TCGA-A1-A0SK-DX1_xmin45749_ymin25055_MPP-0.2500_1443_2370,1
TCGA-A1-A0SK-DX1_xmin45749_ymin25055_MPP-0.2500_1443_790,1
TCGA-A1-A0SK-DX1_xmin45749_ymin25055_MPP-0.2500_722_0,3
TCGA-A1-A0SK-DX1_xmin45749_ymin25055_MPP-0.2500_722_1580,0
TCGA-A1-A0SK-DX1_xmin45749_ymin25055_MPP-0.2500_722_2370,0
TCGA-A1-A0SK-DX1_xmin45749_ymin25055_MPP-0.2500_722_790,0
TCGA-A1-A0SP-DX1_xmin6798_ymin53719_MPP-0.2500_0_0,2
TCGA-A1-A0SP-DX1_xmin6798_ymin53719_MPP-0.2500_0_1908,0
TCGA-A1-A0SP-DX1_xmin6798_ymin53719_MPP-0.2500_0_2861,3
TCGA-A1-A0SP-DX1_xmin6798_ymin53719_MPP-0.2500_0_3814,3
TCGA-A1-A0SP-DX1_xmin6798_ymin53719_MPP-0.2500_0_954,0
TCGA-A1-A0SP-DX1_xmin6798_ymin53719_MPP-0.2500_1602_0,0
TCGA-A1-A0SP-DX1_xmin6798_ymin53719_MPP-0.2500_1602_1908,1
TCGA-A1-A0SP-DX1_xmin6798_ymin53719_MPP-0.2500_1602_2861,1
TCGA-A1-A0SP-DX1_xmin6798_ymin53719_MPP-0.2500_1602_3814,2
TCGA-A1-A0SP-DX1_xmin6798_ymin53719_MPP-0.2500_1602_954,0
TCGA-A1-A0SP-DX1_xmin6798_ymin53719_MPP-0.2500_2402_0,0
TCGA-A1-A0SP-DX1_xmin6798_ymin53719_MPP-0.2500_2402_1908,1
TCGA-A1-A0SP-DX1_xmin6798_ymin53719_MPP-0.2500_2402_2861,2
TCGA-A1-A0SP-DX1_xmin6798_ymin53719_MPP-0.2500_2402_3814,1
TCGA-A1-A0SP-DX1_xmin6798_ymin53719_MPP-0.2500_2402_954,4
TCGA-A1-A0SP-DX1_xmin6798_ymin53719_MPP-0.2500_801_0,0
TCGA-A1-A0SP-DX1_xmin6798_ymin53719_MPP-0.2500_801_1908,1
TCGA-A1-A0SP-DX1_xmin6798_ymin53719_MPP-0.2500_801_2861,0
TCGA-A1-A0SP-DX1_xmin6798_ymin53719_MPP-0.2500_801_3814,4
TCGA-A1-A0SP-DX1_xmin6798_ymin53719_MPP-0.2500_801_954,1
TCGA-A2-A04P-DX1_xmin104246_ymin48517_MPP-0.2500_0_0,1
TCGA-A2-A04P-DX1_xmin104246_ymin48517_MPP-0.2500_0_1847,1
TCGA-A2-A04P-DX1_xmin104246_ymin48517_MPP-0.2500_0_2770,2
TCGA-A2-A04P-DX1_xmin104246_ymin48517_MPP-0.2500_0_924,1
TCGA-A2-A04P-DX1_xmin104246_ymin48517_MPP-0.2500_1895_0,1
TCGA-A2-A04P-DX1_xmin104246_ymin48517_MPP-0.2500_1895_1847,3
TCGA-A2-A04P-DX1_xmin104246_ymin48517_MPP-0.2500_1895_2770,1
TCGA-A2-A04P-DX1_xmin104246_ymin48517_MPP-0.2500_1895_924,3
TCGA-A2-A04P-DX1_xmin104246_ymin48517_MPP-0.2500_948_0,1
TCGA-A2-A04P-DX1_xmin104246_ymin48517_MPP-0.2500_948_1847,4
TCGA-A2-A04P-DX1_xmin104246_ymin48517_MPP-0.2500_948_2770,1
TCGA-A2-A04P-DX1_xmin104246_ymin48517_MPP-0.2500_948_924,2
TCGA-A2-A04Q-DX1_xmin20868_ymin17804_MPP-0.2500_0_0,2
TCGA-A2-A04Q-DX1_xmin20868_ymin17804_MPP-0.2500_0_792,0
TCGA-A2-A04Q-DX1_xmin20868_ymin17804_MPP-0.2500_789_0,3
TCGA-A2-A04Q-DX1_xmin20868_ymin17804_MPP-0.2500_789_792,4
TCGA-A2-A04T-DX1_xmin72145_ymin39078_MPP-0.2500_0_0,0
TCGA-A2-A04T-DX1_xmin72145_ymin39078_MPP-0.2500_0_1751,1
TCGA-A2-A04T-DX1_xmin72145_ymin39078_MPP-0.2500_0_2626,1
TCGA-A2-A04T-DX1_xmin72145_ymin39078_MPP-0.2500_0_3501,4
TCGA-A2-A04T-DX1_xmin72145_ymin39078_MPP-0.2500_0_4376,0
TCGA-A2-A04T-DX1_xmin72145_ymin39078_MPP-0.2500_0_5251,0
TCGA-A2-A04T-DX1_xmin72145_ymin39078_MPP-0.2500_0_876,2
TCGA-A2-A04T-DX1_xmin72145_ymin39078_MPP-0.2500_1430_0,4
TCGA-A2-A04T-DX1_xmin72145_ymin39078_MPP-0.2500_1430_1751,4
TCGA-A2-A04T-DX1_xmin72145_ymin39078_MPP-0.2500_1430_2626,4
TCGA-A2-A04T-DX1_xmin72145_ymin39078_MPP-0.2500_1430_3501,0
TCGA-A2-A04T-DX1_xmin72145_ymin39078_MPP-0.2500_1430_4376,4
TCGA-A2-A04T-DX1_xmin72145_ymin39078_MPP-0.2500_1430_5251,4
TCGA-A2-A04T-DX1_xmin72145_ymin39078_MPP-0.2500_1430_876,4
TCGA-A2-A04T-DX1_xmin72145_ymin39078_MPP-0.2500_2145_0,4
TCGA-A2-A04T-DX1_xmin72145_ymin39078_MPP-0.2500_2145_1751,4
TCGA-A2-A04T-DX1_xmin72145_ymin39078_MPP-0.2500_2145_2626,4
TCGA-A2-A04T-DX1_xmin72145_ymin39078_MPP-0.2500_2145_3501,2
TCGA-A2-A04T-DX1_xmin72145_ymin39078_MPP-0.2500_2145_4376,0
TCGA-A2-A04T-DX1_xmin72145_ymin39078_MPP-0.2500_2145_5251,3
TCGA-A2-A04T-DX1_xmin72145_ymin39078_MPP-0.2500_2145_876,0
TCGA-A2-A04T-DX1_xmin72145_ymin39078_MPP-0.2500_715_0,1
TCGA-A2-A04T-DX1_xmin72145_ymin39078_MPP-0.2500_715_1751,4
TCGA-A2-A04T-DX1_xmin72145_ymin39078_MPP-0.2500_715_2626,1
TCGA-A2-A04T-DX1_xmin72145_ymin39078_MPP-0.2500_715_3501,3
TCGA-A2-A04T-DX1_xmin72145_ymin39078_MPP-0.2500_715_4376,4
TCGA-A2-A04T-DX1_xmin72145_ymin39078_MPP-0.2500_715_5251,3
TCGA-A2-A04T-DX1_xmin72145_ymin39078_MPP-0.2500_715_876,3
TCGA-A2-A0CM-DX1_xmin18562_ymin56852_MPP-0.2500_0_0,1
TCGA-A2-A0CM-DX1_xmin18562_ymin56852_MPP-0.2500_0_1592,3
TCGA-A2-A0CM-DX1_xmin18562_ymin56852_MPP-0.2500_0_2388,2
TCGA-A2-A0CM-DX1_xmin18562_ymin56852_MPP-0.2500_0_3183,4
TCGA-A2-A0CM-DX1_xmin18562_ymin56852_MPP-0.2500_0_796,0
TCGA-A2-A0CM-DX1_xmin18562_ymin56852_MPP-0.2500_1471_0,0
TCGA-A2-A0CM-DX1_xmin18562_ymin56852_MPP-0.2500_1471_1592,0
TCGA-A2-A0CM-DX1_xmin18562_ymin56852_MPP-0.2500_1471_2388,1
TCGA-A2-A0CM-DX1_xmin18562_ymin56852_MPP-0.2500_1471_3183,1
TCGA-A2-A0CM-DX1_xmin18562_ymin56852_MPP-0.2500_1471_796,3
TCGA-A2-A0CM-DX1_xmin18562_ymin56852_MPP-0.2500_2206_0,1
TCGA-A2-A0CM-DX1_xmin18562_ymin56852_MPP-0.2500_2206_1592,0
TCGA-A2-A0CM-DX1_xmin18562_ymin56852_MPP-0.2500_2206_2388,0
TCGA-A2-A0CM-DX1_xmin18562_ymin56852_MPP-0.2500_2206_3183,3
TCGA-A2-A0CM-DX1_xmin18562_ymin56852_MPP-0.2500_2206_796,0
TCGA-A2-A0CM-DX1_xmin18562_ymin56852_MPP-0.2500_736_0,0
TCGA-A2-A0CM-DX1_xmin18562_ymin56852_MPP-0.2500_736_1592,4
TCGA-A2-A0CM-DX1_xmin18562_ymin56852_MPP-0.2500_736_2388,1
TCGA-A2-A0CM-DX1_xmin18562_ymin56852_MPP-0.2500_736_3183,2
TCGA-A2-A0CM-DX1_xmin18562_ymin56852_MPP-0.2500_736_796,3
TCGA-A2-A0D0-DX1_xmin68482_ymin39071_MPP-0.2500_0_0,2
TCGA-A2-A0D0-DX1_xmin68482_ymin39071_MPP-0.2500_0_1811,2
TCGA-A2-A0D0-DX1_xmin68482_ymin39071_MPP-0.2500_0_2716,2
TCGA-A2-A0D0-DX1_xmin68482_ymin39071_MPP-0.2500_0_3621,1
TCGA-A2-A0D0-DX1_xmin68482_ymin39071_MPP-0.2500_0_4526,3
TCGA-A2-A0D0-DX1_xmin68482_ymin39071_MPP-0.2500_0_5431,4
TCGA-A2-A0D0-DX1_xmin68482_ymin39071_MPP-0.2500_0_6336,3
TCGA-A2-A0D0-DX1_xmin68482_ymin39071_MPP-0.2500_0_906,1
TCGA-A2-A0D0-DX1_xmin68482_ymin39071_MPP-0.2500_1930_0,1
TCGA-A2-A0D0-DX1_xmin68482_ymin39071_MPP-0.2500_1930_1811,1
TCGA-A2-A0D0-DX1_xmin68482_ymin39071_MPP-0.2500_1930_2716,2
TCGA-A2-A0D0-DX1_xmin68482_ymin39071_MPP-0.2500_1930_3621,0
TCGA-A2-A0D0-DX1_xmin68482_ymin39071_MPP-0.2500_1930_4526,3
TCGA-A2-A0D0-DX1_xmin68482_ymin39071_MPP-0.2500_1930_5431,2
TCGA-A2-A0D0-DX1_xmin68482_ymin39071_MPP-0.2500_1930_6336,1
TCGA-A2-A0D0-DX1_xmin68482_ymin39071_MPP-0.2500_1930_906,1
TCGA-A2-A0D0-DX1_xmin68482_ymin39071_MPP-0.2500_2895_0,2
TCGA-A2-A0D0-DX1_xmin68482_ymin39071_MPP-0.2500_2895_1811,1
TCGA-A2-A0D0-DX1_xmin68482_ymin39071_MPP-0.2500_2895_2716,2
TCGA-A2-A0D0-DX1_xmin68482_ymin39071_MPP-0.2500_2895_3621,0
TCGA-A2-A0D0-DX1_xmin68482_ymin39071_MPP-0.2500_2895_4526,1
TCGA-A2-A0D0-DX1_xmin68482_ymin39071_MPP-0.2500_2895_5431,2
TCGA-A2-A0D0-DX1_xmin68482_ymin39071_MPP-0.2500_2895_6336,2
TCGA-A2-A0D0-DX1_xmin68482_ymin39071_MPP-0.2500_2895_906,4
TCGA-A2-A0D0-DX1_xmin68482_ymin39071_MPP-0.2500_3860_0,1
TCGA-A2-A0D0-DX1_xmin68482_ymin39071_MPP-0.2500_3860_1811,3
TCGA-A2-A0D0-DX1_xmin68482_ymin39071_MPP-0.2500_3860_2716,4
TCGA-A2-A0D0-DX1_xmin68482_ymin39071_MPP-0.2500_3860_3621,0
TCGA-A2-A0D0-DX1_xmin68482_ymin39071_MPP-0.2500_3860_4526,1
TCGA-A2-A0D0-DX1_xmin68482_ymin39071_MPP-0.2500_3860_5431,4
TCGA-A2-A0D0-DX1_xmin68482_ymin39071_MPP-0.2500_3860_6336,0
TCGA-A2-A0D0-DX1_xmin68482_ymin39071_MPP-0.2500_3860_906,0
TCGA-A2-A0D0-DX1_xmin68482_ymin39071_MPP-0.2500_4825_0,4
TCGA-A2-A0D0-DX1_xmin68482_ymin39071_MPP-0.2500_4825_1811,4
TCGA-A2-A0D0-DX1_xmin68482_ymin39071_MPP-0.2500_4825_2716,4
TCGA-A2-A0D0-DX1_xmin68482_ymin39071_MPP-0.2500_4825_3621,4
TCGA-A2-A0D0-DX1_xmin68482_ymin39071_MPP-0.2500_4825_4526,4
TCGA-A2-A0D0-DX1_xmin68482_ymin39071_MPP-0.2500_4825_5431,2
TCGA-A2-A0D0-DX1_xmin68482_ymin39071_MPP-0.2500_4825_6336,3
TCGA-A2-A0D0-DX1_xmin68482_ymin39071_MPP-0.2500_4825_906,3
TCGA-A2-A0D0-DX1_xmin68482_ymin39071_MPP-0.2500_5789_0,3
TCGA-A2-A0D0-DX1_xmin68482_ymin39071_MPP-0.2500_5789_1811,3
TCGA-A2-A0D0-DX1_xmin68482_ymin39071_MPP-0.2500_5789_2716,2
TCGA-A2-A0D0-DX1_xmin68482_ymin39071_MPP-0.2500_5789_3621,1
TCGA-A2-A0D0-DX1_xmin68482_ymin39071_MPP-0.2500_5789_4526,3
TCGA-A2-A0D0-DX1_xmin68482_ymin39071_MPP-0.2500_5789_5431,3
TCGA-A2-A0D0-DX1_xmin68482_ymin39071_MPP-0.2500_5789_6336,4
TCGA-A2-A0D0-DX1_xmin68482_ymin39071_MPP-0.2500_5789_906,3
TCGA-A2-A0D0-DX1_xmin68482_ymin39071_MPP-0.2500_965_0,2
TCGA-A2-A0D0-DX1_xmin68482_ymin39071_MPP-0.2500_965_1811,0
TCGA-A2-A0D0-DX1_xmin68482_ymin39071_MPP-0.2500_965_2716,0
TCGA-A2-A0D0-DX1_xmin68482_ymin39071_MPP-0.2500_965_3621,4
TCGA-A2-A0D0-DX1_xmin68482_ymin39071_MPP-0.2500_965_4526,3
TCGA-A2-A0D0-DX1_xmin68482_ymin39071_MPP-0.2500_965_5431,2
TCGA-A2-A0D0-DX1_xmin68482_ymin39071_MPP-0.2500_965_6336,0
TCGA-A2-A0D0-DX1_xmin68482_ymin39071_MPP-0.2500_965_906,3
TCGA-A2-A0D2-DX1_xmin96887_ymin22299_MPP-0.2500_0_0,4
TCGA-A2-A0D2-DX1_xmin96887_ymin22299_MPP-0.2500_0_1578,1
TCGA-A2-A0D2-DX1_xmin96887_ymin22299_MPP-0.2500_0_2367,4
TCGA-A2-A0D2-DX1_xmin96887_ymin22299_MPP-0.2500_0_789,1
TCGA-A2-A0D2-DX1_xmin96887_ymin22299_MPP-0.2500_1394_0,4
TCGA-A2-A0D2-DX1_xmin96887_ymin22299_MPP-0.2500_1394_1578,2
TCGA-A2-A0D2-DX1_xmin96887_ymin22299_MPP-0.2500_1394_2367,1
TCGA-A2-A0D2-DX1_xmin96887_ymin22299_MPP-0.2500_1394_789,3
TCGA-A2-A0D2-DX1_xmin96887_ymin22299_MPP-0.2500_697_0,0
TCGA-A2-A0D2-DX1_xmin96887_ymin22299_MPP-0.2500_697_1578,3
TCGA-A2-A0D2-DX1_xmin96887_ymin22299_MPP-0.2500_697_2367,3
TCGA-A2-A0D2-DX1_xmin96887_ymin22299_MPP-0.2500_697_789,0
TCGA-A2-A0ST-DX1_xmin109446_ymin18274_MPP-0.2500_0_0,4
TCGA-A2-A0ST-DX1_xmin109446_ymin18274_MPP-0.2500_0_1750,1
TCGA-A2-A0ST-DX1_xmin109446_ymin18274_MPP-0.2500_0_2625,2
TCGA-A2-A0ST-DX1_xmin109446_ymin18274_MPP-0.2500_0_3500,0
TCGA-A2-A0ST-DX1_xmin109446_ymin18274_MPP-0.2500_0_4374,0
TCGA-A2-A0ST-DX1_xmin109446_ymin18274_MPP-0.2500_0_875,4
TCGA-A2-A0ST-DX1_xmin109446_ymin18274_MPP-0.2500_1802_0,3
TCGA-A2-A0ST-DX1_xmin109446_ymin18274_MPP-0.2500_1802_1750,4
TCGA-A2-A0ST-DX1_xmin109446_ymin18274_MPP-0.2500_1802_2625,3
TCGA-A2-A0ST-DX1_xmin109446_ymin18274_MPP-0.2500_1802_3500,4
TCGA-A2-A0ST-DX1_xmin109446_ymin18274_MPP-0.2500_1802_4374,0
TCGA-A2-A0ST-DX1_xmin109446_ymin18274_MPP-0.2500_1802_875,1
TCGA-A2-A0ST-DX1_xmin109446_ymin18274_MPP-0.2500_2702_0,4
TCGA-A2-A0ST-DX1_xmin109446_ymin18274_MPP-0.2500_2702_1750,3
TCGA-A2-A0ST-DX1_xmin109446_ymin18274_MPP-0.2500_2702_2625,4
TCGA-A2-A0ST-DX1_xmin109446_ymin18274_MPP-0.2500_2702_3500,1
TCGA-A2-A0ST-DX1_xmin109446_ymin18274_MPP-0.2500_2702_4374,1
TCGA-A2-A0ST-DX1_xmin109446_ymin18274_MPP-0.2500_2702_875,1
TCGA-A2-A0ST-DX1_xmin109446_ymin18274_MPP-0.2500_3602_0,2
TCGA-A2-A0ST-DX1_xmin109446_ymin18274_MPP-0.2500_3602_1750,1
TCGA-A2-A0ST-DX1_xmin109446_ymin18274_MPP-0.2500_3602_2625,4
TCGA-A2-A0ST-DX1_xmin109446_ymin18274_MPP-0.2500_3602_3500,0
TCGA-A2-A0ST-DX1_xmin109446_ymin18274_MPP-0.2500_3602_4374,2
TCGA-A2-A0ST-DX1_xmin109446_ymin18274_MPP-0.2500_3602_875,3
TCGA-A2-A0ST-DX1_xmin109446_ymin18274_MPP-0.2500_901_0,3
TCGA-A2-A0ST-DX1_xmin109446_ymin18274_MPP-0.2500_901_1750,0
TCGA-A2-A0ST-DX1_xmin109446_ymin18274_MPP-0.2500_901_2625,1
TCGA-A2-A0ST-DX1_xmin109446_ymin18274_MPP-0.2500_901_3500,0
TCGA-A2-A0ST-DX1_xmin109446_ymin18274_MPP-0.2500_901_4374,1
TCGA-A2-A0ST-DX1_xmin109446_ymin18274_MPP-0.2500_901_875,4
TCGA-A2-A0SX-DX1_xmin53791_ymin56683_MPP-0.2500_0_0,2
TCGA-A2-A0SX-DX1_xmin53791_ymin56683_MPP-0.2500_0_1732,0
TCGA-A2-A0SX-DX1_xmin53791_ymin56683_MPP-0.2500_0_866,1
TCGA-A2-A0SX-DX1_xmin53791_ymin56683_MPP-0.2500_1586_0,4
TCGA-A2-A0SX-DX1_xmin53791_ymin56683_MPP-0.2500_1586_1732,3
TCGA-A2-A0SX-DX1_xmin53791_ymin56683_MPP-0.2500_1586_866,4
TCGA-A2-A0SX-DX1_xmin53791_ymin56683_MPP-0.2500_2379_0,3
TCGA-A2-A0SX-DX1_xmin53791_ymin56683_MPP-0.2500_2379_1732,2
TCGA-A2-A0SX-DX1_xmin53791_ymin56683_MPP-0.2500_2379_866,2
TCGA-A2-A0SX-DX1_xmin53791_ymin56683_MPP-0.2500_3172_0,2
TCGA-A2-A0SX-DX1_xmin53791_ymin56683_MPP-0.2500_3172_1732,2
TCGA-A2-A0SX-DX1_xmin53791_ymin56683_MPP-0.2500_3172_866,4
TCGA-A2-A0SX-DX1_xmin53791_ymin56683_MPP-0.2500_793_0,2
TCGA-A2-A0SX-DX1_xmin53791_ymin56683_MPP-0.2500_793_1732,4
TCGA-A2-A0SX-DX1_xmin53791_ymin56683_MPP-0.2500_793_866,0
TCGA-A2-A0T0-DX1_xmin72865_ymin59458_MPP-0.2500_0_0,3
TCGA-A2-A0T0-DX1_xmin72865_ymin59458_MPP-0.2500_0_1004,0
TCGA-A2-A0T0-DX1_xmin72865_ymin59458_MPP-0.2500_0_2008,4
TCGA-A2-A0T0-DX1_xmin72865_ymin59458_MPP-0.2500_0_3011,3
TCGA-A2-A0T0-DX1_xmin72865_ymin59458_MPP-0.2500_1472_0,3
TCGA-A2-A0T0-DX1_xmin72865_ymin59458_MPP-0.2500_1472_1004,0
TCGA-A2-A0T0-DX1_xmin72865_ymin59458_MPP-0.2500_1472_2008,1
TCGA-A2-A0T0-DX1_xmin72865_ymin59458_MPP-0.2500_1472_3011,3
TCGA-A2-A0T0-DX1_xmin72865_ymin59458_MPP-0.2500_736_0,2
TCGA-A2-A0T0-DX1_xmin72865_ymin59458_MPP-0.2500_736_1004,4
TCGA-A2-A0T0-DX1_xmin72865_ymin59458_MPP-0.2500_736_2008,0
TCGA-A2-A0T0-DX1_xmin72865_ymin59458_MPP-0.2500_736_3011,2
TCGA-A2-A0T2-DX1_xmin63557_ymin56751_MPP-0.2500_0_0,3
TCGA-A2-A0T2-DX1_xmin63557_ymin56751_MPP-0.2500_0_1644,0
TCGA-A2-A0T2-DX1_xmin63557_ymin56751_MPP-0.2500_0_2466,3
TCGA-A2-A0T2-DX1_xmin63557_ymin56751_MPP-0.2500_0_3287,4
TCGA-A2-A0T2-DX1_xmin63557_ymin56751_MPP-0.2500_0_4108,1
TCGA-A2-A0T2-DX1_xmin63557_ymin56751_MPP-0.2500_0_822,2
TCGA-A2-A0T2-DX1_xmin63557_ymin56751_MPP-0.2500_1427_0,1
TCGA-A2-A0T2-DX1_xmin63557_ymin56751_MPP-0.2500_1427_1644,2
TCGA-A2-A0T2-DX1_xmin63557_ymin56751_MPP-0.2500_1427_2466,2
TCGA-A2-A0T2-DX1_xmin63557_ymin56751_MPP-0.2500_1427_3287,4
TCGA-A2-A0T2-DX1_xmin63557_ymin56751_MPP-0.2500_1427_4108,1
TCGA-A2-A0T2-DX1_xmin63557_ymin56751_MPP-0.2500_1427_822,2
TCGA-A2-A0T2-DX1_xmin63557_ymin56751_MPP-0.2500_2140_0,1
TCGA-A2-A0T2-DX1_xmin63557_ymin56751_MPP-0.2500_2140_1644,2
TCGA-A2-A0T2-DX1_xmin63557_ymin56751_MPP-0.2500_2140_2466,4
TCGA-A2-A0T2-DX1_xmin63557_ymin56751_MPP-0.2500_2140_3287,2
TCGA-A2-A0T2-DX1_xmin63557_ymin56751_MPP-0.2500_2140_4108,1
TCGA-A2-A0T2-DX1_xmin63557_ymin56751_MPP-0.2500_2140_822,1
TCGA-A2-A0T2-DX1_xmin63557_ymin56751_MPP-0.2500_714_0,4
TCGA-A2-A0T2-DX1_xmin63557_ymin56751_MPP-0.2500_714_1644,0
TCGA-A2-A0T2-DX1_xmin63557_ymin56751_MPP-0.2500_714_2466,4
TCGA-A2-A0T2-DX1_xmin63557_ymin56751_MPP-0.2500_714_3287,4
TCGA-A2-A0T2-DX1_xmin63557_ymin56751_MPP-0.2500_714_4108,1
TCGA-A2-A0T2-DX1_xmin63557_ymin56751_MPP-0.2500_714_822,2
TCGA-A2-A0YE-DX1_xmin59206_ymin33505_MPP-0.2500_0_0,1
TCGA-A2-A0YE-DX1_xmin59206_ymin33505_MPP-0.2500_0_1846,1
TCGA-A2-A0YE-DX1_xmin59206_ymin33505_MPP-0.2500_0_2769,3
TCGA-A2-A0YE-DX1_xmin59206_ymin33505_MPP-0.2500_0_923,0
TCGA-A2-A0YE-DX1_xmin59206_ymin33505_MPP-0.2500_1875_0,1
TCGA-A2-A0YE-DX1_xmin59206_ymin33505_MPP-0.2500_1875_1846,3
TCGA-A2-A0YE-DX1_xmin59206_ymin33505_MPP-0.2500_1875_2769,3
TCGA-A2-A0YE-DX1_xmin59206_ymin33505_MPP-0.2500_1875_923,0
TCGA-A2-A0YE-DX1_xmin59206_ymin33505_MPP-0.2500_2812_0,2
TCGA-A2-A0YE-DX1_xmin59206_ymin33505_MPP-0.2500_2812_1846,0
TCGA-A2-A0YE-DX1_xmin59206_ymin33505_MPP-0.2500_2812_2769,1
TCGA-A2-A0YE-DX1_xmin59206_ymin33505_MPP-0.2500_2812_923,1
TCGA-A2-A0YE-DX1_xmin59206_ymin33505_MPP-0.2500_938_0,1
TCGA-A2-A0YE-DX1_xmin59206_ymin33505_MPP-0.2500_938_1846,4
TCGA-A2-A0YE-DX1_xmin59206_ymin33505_MPP-0.2500_938_2769,3
TCGA-A2-A0YE-DX1_xmin59206_ymin33505_MPP-0.2500_938_923,1
TCGA-A2-A0YM-DX1_xmin44520_ymin66915_MPP-0.2500_0_0,1
TCGA-A2-A0YM-DX1_xmin44520_ymin66915_MPP-0.2500_0_1819,1
TCGA-A2-A0YM-DX1_xmin44520_ymin66915_MPP-0.2500_0_2728,2
TCGA-A2-A0YM-DX1_xmin44520_ymin66915_MPP-0.2500_0_3637,1
TCGA-A2-A0YM-DX1_xmin44520_ymin66915_MPP-0.2500_0_4546,1
TCGA-A2-A0YM-DX1_xmin44520_ymin66915_MPP-0.2500_0_5455,2
TCGA-A2-A0YM-DX1_xmin44520_ymin66915_MPP-0.2500_0_910,1
TCGA-A2-A0YM-DX1_xmin44520_ymin66915_MPP-0.2500_1016_0,3
TCGA-A2-A0YM-DX1_xmin44520_ymin66915_MPP-0.2500_1016_1819,4
TCGA-A2-A0YM-DX1_xmin44520_ymin66915_MPP-0.2500_1016_2728,0
TCGA-A2-A0YM-DX1_xmin44520_ymin66915_MPP-0.2500_1016_3637,0
TCGA-A2-A0YM-DX1_xmin44520_ymin66915_MPP-0.2500_1016_4546,3
TCGA-A2-A0YM-DX1_xmin44520_ymin66915_MPP-0.2500_1016_5455,0
TCGA-A2-A0YM-DX1_xmin44520_ymin66915_MPP-0.2500_1016_910,3
TCGA-A2-A0YM-DX1_xmin44520_ymin66915_MPP-0.2500_2032_0,0
TCGA-A2-A0YM-DX1_xmin44520_ymin66915_MPP-0.2500_2032_1819,3
TCGA-A2-A0YM-DX1_xmin44520_ymin66915_MPP-0.2500_2032_2728,1
TCGA-A2-A0YM-DX1_xmin44520_ymin66915_MPP-0.2500_2032_3637,0
TCGA-A2-A0YM-DX1_xmin44520_ymin66915_MPP-0.2500_2032_4546,0
TCGA-A2-A0YM-DX1_xmin44520_ymin66915_MPP-0.2500_2032_5455,2
TCGA-A2-A0YM-DX1_xmin44520_ymin66915_MPP-0.2500_2032_910,3
TCGA-A2-A0YM-DX1_xmin44520_ymin66915_MPP-0.2500_3047_0,2
TCGA-A2-A0YM-DX1_xmin44520_ymin66915_MPP-0.2500_3047_1819,4
TCGA-A2-A0YM-DX1_xmin44520_ymin66915_MPP-0.2500_3047_2728,1
TCGA-A2-A0YM-DX1_xmin44520_ymin66915_MPP-0.2500_3047_3637,0
TCGA-A2-A0YM-DX1_xmin44520_ymin66915_MPP-0.2500_3047_4546,0
TCGA-A2-A0YM-DX1_xmin44520_ymin66915_MPP-0.2500_3047_5455,1
TCGA-A2-A0YM-DX1_xmin44520_ymin66915_MPP-0.2500_3047_910,0
TCGA-A2-A1G6-DX1_xmin57706_ymin69514_MPP-0.2500_0_0,3
TCGA-A2-A1G6-DX1_xmin57706_ymin69514_MPP-0.2500_0_1735,3
TCGA-A2-A1G6-DX1_xmin57706_ymin69514_MPP-0.2500_0_2602,4
TCGA-A2-A1G6-DX1_xmin57706_ymin69514_MPP-0.2500_0_868,0
TCGA-A2-A1G6-DX1_xmin57706_ymin69514_MPP-0.2500_967_0,2
TCGA-A2-A1G6-DX1_xmin57706_ymin69514_MPP-0.2500_967_1735,3
TCGA-A2-A1G6-DX1_xmin57706_ymin69514_MPP-0.2500_967_2602,3
TCGA-A2-A1G6-DX1_xmin57706_ymin69514_MPP-0.2500_967_868,1
TCGA-A2-A3XS-DX1_xmin21421_ymin37486_MPP-0.2500_0_0,0
TCGA-A2-A3XS-DX1_xmin21421_ymin37486_MPP-0.2500_0_1770,1
TCGA-A2-A3XS-DX1_xmin21421_ymin37486_MPP-0.2500_0_2655,0
TCGA-A2-A3XS-DX1_xmin21421_ymin37486_MPP-0.2500_0_3539,2
TCGA-A2-A3XS-DX1_xmin21421_ymin37486_MPP-0.2500_0_4423,4
TCGA-A2-A3XS-DX1_xmin21421_ymin37486_MPP-0.2500_0_885,3
TCGA-A2-A3XS-DX1_xmin21421_ymin37486_MPP-0.2500_1435_0,0
TCGA-A2-A3XS-DX1_xmin21421_ymin37486_MPP-0.2500_1435_1770,2
TCGA-A2-A3XS-DX1_xmin21421_ymin37486_MPP-0.2500_1435_2655,0
TCGA-A2-A3XS-DX1_xmin21421_ymin37486_MPP-0.2500_1435_3539,4
TCGA-A2-A3XS-DX1_xmin21421_ymin37486_MPP-0.2500_1435_4423,2
TCGA-A2-A3XS-DX1_xmin21421_ymin37486_MPP-0.2500_1435_885,4
TCGA-A2-A3XS-DX1_xmin21421_ymin37486_MPP-0.2500_2152_0,1
TCGA-A2-A3XS-DX1_xmin21421_ymin37486_MPP-0.2500_2152_1770,4
TCGA-A2-A3XS-DX1_xmin21421_ymin37486_MPP-0.2500_2152_2655,4
TCGA-A2-A3XS-DX1_xmin21421_ymin37486_MPP-0.2500_2152_3539,1
TCGA-A2-A3XS-DX1_xmin21421_ymin37486_MPP-0.2500_2152_4423,0
TCGA-A2-A3XS-DX1_xmin21421_ymin37486_MPP-0.2500_2152_885,3
TCGA-A2-A3XS-DX1_xmin21421_ymin37486_MPP-0.2500_718_0,2
TCGA-A2-A3XS-DX1_xmin21421_ymin37486_MPP-0.2500_718_1770,1
TCGA-A2-A3XS-DX1_xmin21421_ymin37486_MPP-0.2500_718_2655,3
TCGA-A2-A3XS-DX1_xmin21421_ymin37486_MPP-0.2500_718_3539,2
TCGA-A2-A3XS-DX1_xmin21421_ymin37486_MPP-0.2500_718_4423,2
TCGA-A2-A3XS-DX1_xmin21421_ymin37486_MPP-0.2500_718_885,3
TCGA-A2-A3XT-DX1_xmin83566_ymin29931_MPP-0.2500_0_0,1
TCGA-A2-A3XT-DX1_xmin83566_ymin29931_MPP-0.2500_0_1988,2
TCGA-A2-A3XT-DX1_xmin83566_ymin29931_MPP-0.2500_0_2981,3
TCGA-A2-A3XT-DX1_xmin83566_ymin29931_MPP-0.2500_0_3974,3
TCGA-A2-A3XT-DX1_xmin83566_ymin29931_MPP-0.2500_0_994,4
TCGA-A2-A3XT-DX1_xmin83566_ymin29931_MPP-0.2500_1649_0,0
TCGA-A2-A3XT-DX1_xmin83566_ymin29931_MPP-0.2500_1649_1988,1
TCGA-A2-A3XT-DX1_xmin83566_ymin29931_MPP-0.2500_1649_2981,0
TCGA-A2-A3XT-DX1_xmin83566_ymin29931_MPP-0.2500_1649_3974,1
TCGA-A2-A3XT-DX1_xmin83566_ymin29931_MPP-0.2500_1649_994,1
TCGA-A2-A3XT-DX1_xmin83566_ymin29931_MPP-0.2500_825_0,2
TCGA-A2-A3XT-DX1_xmin83566_ymin29931_MPP-0.2500_825_1988,1
TCGA-A2-A3XT-DX1_xmin83566_ymin29931_MPP-0.2500_825_2981,1
TCGA-A2-A3XT-DX1_xmin83566_ymin29931_MPP-0.2500_825_3974,4
TCGA-A2-A3XT-DX1_xmin83566_ymin29931_MPP-0.2500_825_994,4
TCGA-A2-A3XU-DX1_xmin33329_ymin26157_MPP-0.2500_0_0,2
TCGA-A2-A3XU-DX1_xmin33329_ymin26157_MPP-0.2500_0_1822,0
TCGA-A2-A3XU-DX1_xmin33329_ymin26157_MPP-0.2500_0_2733,4
TCGA-A2-A3XU-DX1_xmin33329_ymin26157_MPP-0.2500_0_3643,0
TCGA-A2-A3XU-DX1_xmin33329_ymin26157_MPP-0.2500_0_911,4
TCGA-A2-A3XU-DX1_xmin33329_ymin26157_MPP-0.2500_1968_0,3
TCGA-A2-A3XU-DX1_xmin33329_ymin26157_MPP-0.2500_1968_1822,4
TCGA-A2-A3XU-DX1_xmin33329_ymin26157_MPP-0.2500_1968_2733,3
TCGA-A2-A3XU-DX1_xmin33329_ymin26157_MPP-0.2500_1968_3643,1
TCGA-A2-A3XU-DX1_xmin33329_ymin26157_MPP-0.2500_1968_911,1
TCGA-A2-A3XU-DX1_xmin33329_ymin26157_MPP-0.2500_984_0,4
TCGA-A2-A3XU-DX1_xmin33329_ymin26157_MPP-0.2500_984_1822,0
TCGA-A2-A3XU-DX1_xmin33329_ymin26157_MPP-0.2500_984_2733,4
TCGA-A2-A3XU-DX1_xmin33329_ymin26157_MPP-0.2500_984_3643,0
TCGA-A2-A3XU-DX1_xmin33329_ymin26157_MPP-0.2500_984_911,2
TCGA-A2-A3XX-DX1_xmin69942_ymin41560_MPP-0.2500_0_0,2
TCGA-A2-A3XX-DX1_xmin69942_ymin41560_MPP-0.2500_0_1002,4
TCGA-A2-A3XX-DX1_xmin69942_ymin41560_MPP-0.2500_0_2004,0
TCGA-A2-A3XX-DX1_xmin69942_ymin41560_MPP-0.2500_1505_0,3
TCGA-A2-A3XX-DX1_xmin69942_ymin41560_MPP-0.2500_1505_1002,3
TCGA-A2-A3XX-DX1_xmin69942_ymin41560_MPP-0.2500_1505_2004,1
TCGA-A2-A3XX-DX1_xmin69942_ymin41560_MPP-0.2500_753_0,4
TCGA-A2-A3XX-DX1_xmin69942_ymin41560_MPP-0.2500_753_1002,0
TCGA-A2-A3XX-DX1_xmin69942_ymin41560_MPP-0.2500_753_2004,3
TCGA-A2-A3XY-DX1_xmin76297_ymin35510_MPP-0.2500_0_0,4
TCGA-A2-A3XY-DX1_xmin76297_ymin35510_MPP-0.2500_0_1996,3
TCGA-A2-A3XY-DX1_xmin76297_ymin35510_MPP-0.2500_0_2993,3
TCGA-A2-A3XY-DX1_xmin76297_ymin35510_MPP-0.2500_0_998,1
TCGA-A2-A3XY-DX1_xmin76297_ymin35510_MPP-0.2500_1759_0,0
TCGA-A2-A3XY-DX1_xmin76297_ymin35510_MPP-0.2500_1759_1996,2
TCGA-A2-A3XY-DX1_xmin76297_ymin35510_MPP-0.2500_1759_2993,3
TCGA-A2-A3XY-DX1_xmin76297_ymin35510_MPP-0.2500_1759_998,4
TCGA-A2-A3XY-DX1_xmin76297_ymin35510_MPP-0.2500_2638_0,3
TCGA-A2-A3XY-DX1_xmin76297_ymin35510_MPP-0.2500_2638_1996,2
TCGA-A2-A3XY-DX1_xmin76297_ymin35510_MPP-0.2500_2638_2993,3
TCGA-A2-A3XY-DX1_xmin76297_ymin35510_MPP-0.2500_2638_998,4
TCGA-A2-A3XY-DX1_xmin76297_ymin35510_MPP-0.2500_880_0,3
TCGA-A2-A3XY-DX1_xmin76297_ymin35510_MPP-0.2500_880_1996,4
TCGA-A2-A3XY-DX1_xmin76297_ymin35510_MPP-0.2500_880_2993,0
TCGA-A2-A3XY-DX1_xmin76297_ymin35510_MPP-0.2500_880_998,4
TCGA-A7-A0CE-DX1_xmin58461_ymin18750_MPP-0.2500_0_0,2
TCGA-A7-A0CE-DX1_xmin58461_ymin18750_MPP-0.2500_0_1946,3
TCGA-A7-A0CE-DX1_xmin58461_ymin18750_MPP-0.2500_0_2919,4
TCGA-A7-A0CE-DX1_xmin58461_ymin18750_MPP-0.2500_0_3892,0
TCGA-A7-A0CE-DX1_xmin58461_ymin18750_MPP-0.2500_0_4865,0
TCGA-A7-A0CE-DX1_xmin58461_ymin18750_MPP-0.2500_0_5838,2
TCGA-A7-A0CE-DX1_xmin58461_ymin18750_MPP-0.2500_0_973,1
TCGA-A7-A0CE-DX1_xmin58461_ymin18750_MPP-0.2500_1929_0,2
TCGA-A7-A0CE-DX1_xmin58461_ymin18750_MPP-0.2500_1929_1946,3
TCGA-A7-A0CE-DX1_xmin58461_ymin18750_MPP-0.2500_1929_2919,1
TCGA-A7-A0CE-DX1_xmin58461_ymin18750_MPP-0.2500_1929_3892,0
TCGA-A7-A0CE-DX1_xmin58461_ymin18750_MPP-0.2500_1929_4865,3
TCGA-A7-A0CE-DX1_xmin58461_ymin18750_MPP-0.2500_1929_5838,4
TCGA-A7-A0CE-DX1_xmin58461_ymin18750_MPP-0.2500_1929_973,3
TCGA-A7-A0CE-DX1_xmin58461_ymin18750_MPP-0.2500_2893_0,3
TCGA-A7-A0CE-DX1_xmin58461_ymin18750_MPP-0.2500_2893_1946,4
TCGA-A7-A0CE-DX1_xmin58461_ymin18750_MPP-0.2500_2893_2919,4
TCGA-A7-A0CE-DX1_xmin58461_ymin18750_MPP-0.2500_2893_3892,1
TCGA-A7-A0CE-DX1_xmin58461_ymin18750_MPP-0.2500_2893_4865,2
TCGA-A7-A0CE-DX1_xmin58461_ymin18750_MPP-0.2500_2893_5838,2
TCGA-A7-A0CE-DX1_xmin58461_ymin18750_MPP-0.2500_2893_973,1
TCGA-A7-A0CE-DX1_xmin58461_ymin18750_MPP-0.2500_965_0,3
TCGA-A7-A0CE-DX1_xmin58461_ymin18750_MPP-0.2500_965_1946,1
TCGA-A7-A0CE-DX1_xmin58461_ymin18750_MPP-0.2500_965_2919,2
TCGA-A7-A0CE-DX1_xmin58461_ymin18750_MPP-0.2500_965_3892,3
TCGA-A7-A0CE-DX1_xmin58461_ymin18750_MPP-0.2500_965_4865,3
TCGA-A7-A0CE-DX1_xmin58461_ymin18750_MPP-0.2500_965_5838,3
TCGA-A7-A0CE-DX1_xmin58461_ymin18750_MPP-0.2500_965_973,4
TCGA-A7-A0DA-DX1_xmin43731_ymin18175_MPP-0.2500_0_0,0
TCGA-A7-A0DA-DX1_xmin43731_ymin18175_MPP-0.2500_0_1926,0
TCGA-A7-A0DA-DX1_xmin43731_ymin18175_MPP-0.2500_0_2888,0
TCGA-A7-A0DA-DX1_xmin43731_ymin18175_MPP-0.2500_0_3850,3
TCGA-A7-A0DA-DX1_xmin43731_ymin18175_MPP-0.2500_0_963,3
TCGA-A7-A0DA-DX1_xmin43731_ymin18175_MPP-0.2500_1018_0,4
TCGA-A7-A0DA-DX1_xmin43731_ymin18175_MPP-0.2500_1018_1926,4
TCGA-A7-A0DA-DX1_xmin43731_ymin18175_MPP-0.2500_1018_2888,4
TCGA-A7-A0DA-DX1_xmin43731_ymin18175_MPP-0.2500_1018_3850,2
TCGA-A7-A0DA-DX1_xmin43731_ymin18175_MPP-0.2500_1018_963,2
TCGA-A7-A0DA-DX1_xmin43731_ymin18175_MPP-0.2500_2036_0,4
TCGA-A7-A0DA-DX1_xmin43731_ymin18175_MPP-0.2500_2036_1926,3
TCGA-A7-A0DA-DX1_xmin43731_ymin18175_MPP-0.2500_2036_2888,3
TCGA-A7-A0DA-DX1_xmin43731_ymin18175_MPP-0.2500_2036_3850,3
TCGA-A7-A0DA-DX1_xmin43731_ymin18175_MPP-0.2500_2036_963,2
TCGA-A7-A0DA-DX1_xmin43731_ymin18175_MPP-0.2500_3053_0,4
TCGA-A7-A0DA-DX1_xmin43731_ymin18175_MPP-0.2500_3053_1926,4
TCGA-A7-A0DA-DX1_xmin43731_ymin18175_MPP-0.2500_3053_2888,0
TCGA-A7-A0DA-DX1_xmin43731_ymin18175_MPP-0.2500_3053_3850,3
TCGA-A7-A0DA-DX1_xmin43731_ymin18175_MPP-0.2500_3053_963,1
TCGA-A7-A0DA-DX1_xmin43731_ymin18175_MPP-0.2500_4070_0,3
TCGA-A7-A0DA-DX1_xmin43731_ymin18175_MPP-0.2500_4070_1926,4
TCGA-A7-A0DA-DX1_xmin43731_ymin18175_MPP-0.2500_4070_2888,0
TCGA-A7-A0DA-DX1_xmin43731_ymin18175_MPP-0.2500_4070_3850,4
TCGA-A7-A0DA-DX1_xmin43731_ymin18175_MPP-0.2500_4070_963,4
TCGA-A7-A0DA-DX1_xmin43731_ymin18175_MPP-0.2500_5087_0,0
TCGA-A7-A0DA-DX1_xmin43731_ymin18175_MPP-0.2500_5087_1926,4
TCGA-A7-A0DA-DX1_xmin43731_ymin18175_MPP-0.2500_5087_2888,3
TCGA-A7-A0DA-DX1_xmin43731_ymin18175_MPP-0.2500_5087_3850,3
TCGA-A7-A0DA-DX1_xmin43731_ymin18175_MPP-0.2500_5087_963,0
TCGA-A7-A0DA-DX1_xmin43731_ymin18175_MPP-0.2500_6104_0,3
TCGA-A7-A0DA-DX1_xmin43731_ymin18175_MPP-0.2500_6104_1926,3
TCGA-A7-A0DA-DX1_xmin43731_ymin18175_MPP-0.2500_6104_2888,3
TCGA-A7-A0DA-DX1_xmin43731_ymin18175_MPP-0.2500_6104_3850,3
TCGA-A7-A0DA-DX1_xmin43731_ymin18175_MPP-0.2500_6104_963,3
TCGA-A7-A26F-DX1_xmin72969_ymin11489_MPP-0.2500_0_0,2
TCGA-A7-A26F-DX1_xmin72969_ymin11489_MPP-0.2500_0_1797,4
TCGA-A7-A26F-DX1_xmin72969_ymin11489_MPP-0.2500_0_2695,3
TCGA-A7-A26F-DX1_xmin72969_ymin11489_MPP-0.2500_0_3593,1
TCGA-A7-A26F-DX1_xmin72969_ymin11489_MPP-0.2500_0_4491,2
TCGA-A7-A26F-DX1_xmin72969_ymin11489_MPP-0.2500_0_899,3
TCGA-A7-A26F-DX1_xmin72969_ymin11489_MPP-0.2500_1946_0,1
TCGA-A7-A26F-DX1_xmin72969_ymin11489_MPP-0.2500_1946_1797,1
TCGA-A7-A26F-DX1_xmin72969_ymin11489_MPP-0.2500_1946_2695,0
TCGA-A7-A26F-DX1_xmin72969_ymin11489_MPP-0.2500_1946_3593,3
TCGA-A7-A26F-DX1_xmin72969_ymin11489_MPP-0.2500_1946_4491,4
TCGA-A7-A26F-DX1_xmin72969_ymin11489_MPP-0.2500_1946_899,1
TCGA-A7-A26F-DX1_xmin72969_ymin11489_MPP-0.2500_2919_0,4
TCGA-A7-A26F-DX1_xmin72969_ymin11489_MPP-0.2500_2919_1797,2
TCGA-A7-A26F-DX1_xmin72969_ymin11489_MPP-0.2500_2919_2695,0
TCGA-A7-A26F-DX1_xmin72969_ymin11489_MPP-0.2500_2919_3593,2
TCGA-A7-A26F-DX1_xmin72969_ymin11489_MPP-0.2500_2919_4491,1
TCGA-A7-A26F-DX1_xmin72969_ymin11489_MPP-0.2500_2919_899,1
TCGA-A7-A26F-DX1_xmin72969_ymin11489_MPP-0.2500_3891_0,3
TCGA-A7-A26F-DX1_xmin72969_ymin11489_MPP-0.2500_3891_1797,0
TCGA-A7-A26F-DX1_xmin72969_ymin11489_MPP-0.2500_3891_2695,2
TCGA-A7-A26F-DX1_xmin72969_ymin11489_MPP-0.2500_3891_3593,1
TCGA-A7-A26F-DX1_xmin72969_ymin11489_MPP-0.2500_3891_4491,0
TCGA-A7-A26F-DX1_xmin72969_ymin11489_MPP-0.2500_3891_899,0
TCGA-A7-A26F-DX1_xmin72969_ymin11489_MPP-0.2500_973_0,3
TCGA-A7-A26F-DX1_xmin72969_ymin11489_MPP-0.2500_973_1797,1
TCGA-A7-A26F-DX1_xmin72969_ymin11489_MPP-0.2500_973_2695,3
TCGA-A7-A26F-DX1_xmin72969_ymin11489_MPP-0.2500_973_3593,1
TCGA-A7-A26F-DX1_xmin72969_ymin11489_MPP-0.2500_973_4491,0
TCGA-A7-A26F-DX1_xmin72969_ymin11489_MPP-0.2500_973_899,0
TCGA-A7-A26G-DX1_xmin77919_ymin10728_MPP-0.2500_0_0,0
TCGA-A7-A26G-DX1_xmin77919_ymin10728_MPP-0.2500_0_1818,3
TCGA-A7-A26G-DX1_xmin77919_ymin10728_MPP-0.2500_0_909,2
TCGA-A7-A26G-DX1_xmin77919_ymin10728_MPP-0.2500_460_0,3
TCGA-A7-A26G-DX1_xmin77919_ymin10728_MPP-0.2500_460_1818,0
TCGA-A7-A26G-DX1_xmin77919_ymin10728_MPP-0.2500_460_909,0
TCGA-A7-A26I-DX1_xmin9689_ymin25668_MPP-0.2500_0_0,2
TCGA-A7-A26I-DX1_xmin9689_ymin25668_MPP-0.2500_0_1550,2
TCGA-A7-A26I-DX1_xmin9689_ymin25668_MPP-0.2500_0_2325,4
TCGA-A7-A26I-DX1_xmin9689_ymin25668_MPP-0.2500_0_775,3
TCGA-A7-A26I-DX1_xmin9689_ymin25668_MPP-0.2500_1502_0,2
TCGA-A7-A26I-DX1_xmin9689_ymin25668_MPP-0.2500_1502_1550,1
TCGA-A7-A26I-DX1_xmin9689_ymin25668_MPP-0.2500_1502_2325,2
TCGA-A7-A26I-DX1_xmin9689_ymin25668_MPP-0.2500_1502_775,2
TCGA-A7-A26I-DX1_xmin9689_ymin25668_MPP-0.2500_751_0,2
TCGA-A7-A26I-DX1_xmin9689_ymin25668_MPP-0.2500_751_1550,0
TCGA-A7-A26I-DX1_xmin9689_ymin25668_MPP-0.2500_751_2325,0
TCGA-A7-A26I-DX1_xmin9689_ymin25668_MPP-0.2500_751_775,4
TCGA-A7-A4SD-DX1_xmin53807_ymin11871_MPP-0.2500_0_0,1
TCGA-A7-A4SD-DX1_xmin53807_ymin11871_MPP-0.2500_0_1035,2
TCGA-A7-A4SD-DX1_xmin53807_ymin11871_MPP-0.2500_0_518,2
TCGA-A7-A4SD-DX1_xmin53807_ymin11871_MPP-0.2500_1380_0,3
TCGA-A7-A4SD-DX1_xmin53807_ymin11871_MPP-0.2500_1380_1035,2
TCGA-A7-A4SD-DX1_xmin53807_ymin11871_MPP-0.2500_1380_518,3
TCGA-A7-A4SD-DX1_xmin53807_ymin11871_MPP-0.2500_2069_0,0
TCGA-A7-A4SD-DX1_xmin53807_ymin11871_MPP-0.2500_2069_1035,2
TCGA-A7-A4SD-DX1_xmin53807_ymin11871_MPP-0.2500_2069_518,1
TCGA-A7-A4SD-DX1_xmin53807_ymin11871_MPP-0.2500_690_0,1
TCGA-A7-A4SD-DX1_xmin53807_ymin11871_MPP-0.2500_690_1035,1
TCGA-A7-A4SD-DX1_xmin53807_ymin11871_MPP-0.2500_690_518,2
TCGA-A7-A4SE-DX1_xmin50530_ymin11318_MPP-0.2500_0_0,0
TCGA-A7-A4SE-DX1_xmin50530_ymin11318_MPP-0.2500_0_358,0
TCGA-A7-A4SE-DX1_xmin50530_ymin11318_MPP-0.2500_224_0,0
TCGA-A7-A4SE-DX1_xmin50530_ymin11318_MPP-0.2500_224_358,1
TCGA-A7-A5ZV-DX1_xmin103009_ymin26581_MPP-0.2500_0_0,3
TCGA-A7-A5ZV-DX1_xmin103009_ymin26581_MPP-0.2500_0_1912,0
TCGA-A7-A5ZV-DX1_xmin103009_ymin26581_MPP-0.2500_0_2867,2
TCGA-A7-A5ZV-DX1_xmin103009_ymin26581_MPP-0.2500_0_956,0
TCGA-A7-A5ZV-DX1_xmin103009_ymin26581_MPP-0.2500_1628_0,4
TCGA-A7-A5ZV-DX1_xmin103009_ymin26581_MPP-0.2500_1628_1912,1
TCGA-A7-A5ZV-DX1_xmin103009_ymin26581_MPP-0.2500_1628_2867,0
TCGA-A7-A5ZV-DX1_xmin103009_ymin26581_MPP-0.2500_1628_956,2
TCGA-A7-A5ZV-DX1_xmin103009_ymin26581_MPP-0.2500_814_0,4
TCGA-A7-A5ZV-DX1_xmin103009_ymin26581_MPP-0.2500_814_1912,3
TCGA-A7-A5ZV-DX1_xmin103009_ymin26581_MPP-0.2500_814_2867,1
TCGA-A7-A5ZV-DX1_xmin103009_ymin26581_MPP-0.2500_814_956,2
TCGA-A7-A6VV-DX1_xmin48674_ymin37475_MPP-0.2500_0_0,2
TCGA-A7-A6VV-DX1_xmin48674_ymin37475_MPP-0.2500_0_1748,4
TCGA-A7-A6VV-DX1_xmin48674_ymin37475_MPP-0.2500_0_2621,0
TCGA-A7-A6VV-DX1_xmin48674_ymin37475_MPP-0.2500_0_3494,4
TCGA-A7-A6VV-DX1_xmin48674_ymin37475_MPP-0.2500_0_874,1
TCGA-A7-A6VV-DX1_xmin48674_ymin37475_MPP-0.2500_1013_0,2
TCGA-A7-A6VV-DX1_xmin48674_ymin37475_MPP-0.2500_1013_1748,1
TCGA-A7-A6VV-DX1_xmin48674_ymin37475_MPP-0.2500_1013_2621,4
TCGA-A7-A6VV-DX1_xmin48674_ymin37475_MPP-0.2500_1013_3494,1
TCGA-A7-A6VV-DX1_xmin48674_ymin37475_MPP-0.2500_1013_874,3
TCGA-A7-A6VV-DX1_xmin48674_ymin37475_MPP-0.2500_2026_0,1
TCGA-A7-A6VV-DX1_xmin48674_ymin37475_MPP-0.2500_2026_1748,2
TCGA-A7-A6VV-DX1_xmin48674_ymin37475_MPP-0.2500_2026_2621,0
TCGA-A7-A6VV-DX1_xmin48674_ymin37475_MPP-0.2500_2026_3494,0
TCGA-A7-A6VV-DX1_xmin48674_ymin37475_MPP-0.2500_2026_874,2
TCGA-A7-A6VW-DX1_xmin69350_ymin15716_MPP-0.2500_0_0,2
TCGA-A7-A6VW-DX1_xmin69350_ymin15716_MPP-0.2500_0_1390,2
TCGA-A7-A6VW-DX1_xmin69350_ymin15716_MPP-0.2500_0_2085,0
TCGA-A7-A6VW-DX1_xmin69350_ymin15716_MPP-0.2500_0_695,4
TCGA-A7-A6VW-DX1_xmin69350_ymin15716_MPP-0.2500_1415_0,2
TCGA-A7-A6VW-DX1_xmin69350_ymin15716_MPP-0.2500_1415_1390,1
TCGA-A7-A6VW-DX1_xmin69350_ymin15716_MPP-0.2500_1415_2085,3
TCGA-A7-A6VW-DX1_xmin69350_ymin15716_MPP-0.2500_1415_695,0
TCGA-A7-A6VW-DX1_xmin69350_ymin15716_MPP-0.2500_2122_0,0
TCGA-A7-A6VW-DX1_xmin69350_ymin15716_MPP-0.2500_2122_1390,2
TCGA-A7-A6VW-DX1_xmin69350_ymin15716_MPP-0.2500_2122_2085,1
TCGA-A7-A6VW-DX1_xmin69350_ymin15716_MPP-0.2500_2122_695,2
TCGA-A7-A6VW-DX1_xmin69350_ymin15716_MPP-0.2500_708_0,0
TCGA-A7-A6VW-DX1_xmin69350_ymin15716_MPP-0.2500_708_1390,2
TCGA-A7-A6VW-DX1_xmin69350_ymin15716_MPP-0.2500_708_2085,4
TCGA-A7-A6VW-DX1_xmin69350_ymin15716_MPP-0.2500_708_695,2
TCGA-A7-A6VY-DX1_xmin7308_ymin29955_MPP-0.2500_0_0,0
TCGA-A7-A6VY-DX1_xmin7308_ymin29955_MPP-0.2500_0_1869,4
TCGA-A7-A6VY-DX1_xmin7308_ymin29955_MPP-0.2500_0_935,4
TCGA-A7-A6VY-DX1_xmin7308_ymin29955_MPP-0.2500_1214_0,2
TCGA-A7-A6VY-DX1_xmin7308_ymin29955_MPP-0.2500_1214_1869,2
TCGA-A7-A6VY-DX1_xmin7308_ymin29955_MPP-0.2500_1214_935,3
TCGA-A7-A6VY-DX1_xmin7308_ymin29955_MPP-0.2500_607_0,1
TCGA-A7-A6VY-DX1_xmin7308_ymin29955_MPP-0.2500_607_1869,3
TCGA-A7-A6VY-DX1_xmin7308_ymin29955_MPP-0.2500_607_935,0
TCGA-A8-A07C-DX1_xmin23538_ymin17397_MPP-0.2500_0_0,1
TCGA-A8-A07C-DX1_xmin23538_ymin17397_MPP-0.2500_0_1699,3
TCGA-A8-A07C-DX1_xmin23538_ymin17397_MPP-0.2500_0_2548,2
TCGA-A8-A07C-DX1_xmin23538_ymin17397_MPP-0.2500_0_850,2
TCGA-A8-A07C-DX1_xmin23538_ymin17397_MPP-0.2500_1933_0,2
TCGA-A8-A07C-DX1_xmin23538_ymin17397_MPP-0.2500_1933_1699,1
TCGA-A8-A07C-DX1_xmin23538_ymin17397_MPP-0.2500_1933_2548,0
TCGA-A8-A07C-DX1_xmin23538_ymin17397_MPP-0.2500_1933_850,4
TCGA-A8-A07C-DX1_xmin23538_ymin17397_MPP-0.2500_967_0,3
TCGA-A8-A07C-DX1_xmin23538_ymin17397_MPP-0.2500_967_1699,4
TCGA-A8-A07C-DX1_xmin23538_ymin17397_MPP-0.2500_967_2548,0
TCGA-A8-A07C-DX1_xmin23538_ymin17397_MPP-0.2500_967_850,4
TCGA-A8-A07O-DX1_xmin11777_ymin16227_MPP-0.2500_0_0,0
TCGA-A8-A07O-DX1_xmin11777_ymin16227_MPP-0.2500_0_1927,3
TCGA-A8-A07O-DX1_xmin11777_ymin16227_MPP-0.2500_0_2890,1
TCGA-A8-A07O-DX1_xmin11777_ymin16227_MPP-0.2500_0_3853,0
TCGA-A8-A07O-DX1_xmin11777_ymin16227_MPP-0.2500_0_964,2
TCGA-A8-A07O-DX1_xmin11777_ymin16227_MPP-0.2500_1480_0,1
TCGA-A8-A07O-DX1_xmin11777_ymin16227_MPP-0.2500_1480_1927,2
TCGA-A8-A07O-DX1_xmin11777_ymin16227_MPP-0.2500_1480_2890,2
TCGA-A8-A07O-DX1_xmin11777_ymin16227_MPP-0.2500_1480_3853,0
TCGA-A8-A07O-DX1_xmin11777_ymin16227_MPP-0.2500_1480_964,3
TCGA-A8-A07O-DX1_xmin11777_ymin16227_MPP-0.2500_740_0,3
TCGA-A8-A07O-DX1_xmin11777_ymin16227_MPP-0.2500_740_1927,0
TCGA-A8-A07O-DX1_xmin11777_ymin16227_MPP-0.2500_740_2890,3
TCGA-A8-A07O-DX1_xmin11777_ymin16227_MPP-0.2500_740_3853,4
TCGA-A8-A07O-DX1_xmin11777_ymin16227_MPP-0.2500_740_964,4
TCGA-A8-A08R-DX1_xmin14220_ymin13782_MPP-0.2500_0_0,3
TCGA-A8-A08R-DX1_xmin14220_ymin13782_MPP-0.2500_0_1612,0
TCGA-A8-A08R-DX1_xmin14220_ymin13782_MPP-0.2500_0_2418,2
TCGA-A8-A08R-DX1_xmin14220_ymin13782_MPP-0.2500_0_806,0
TCGA-A8-A08R-DX1_xmin14220_ymin13782_MPP-0.2500_1547_0,1
TCGA-A8-A08R-DX1_xmin14220_ymin13782_MPP-0.2500_1547_1612,4
TCGA-A8-A08R-DX1_xmin14220_ymin13782_MPP-0.2500_1547_2418,1
TCGA-A8-A08R-DX1_xmin14220_ymin13782_MPP-0.2500_1547_806,0
TCGA-A8-A08R-DX1_xmin14220_ymin13782_MPP-0.2500_774_0,4
TCGA-A8-A08R-DX1_xmin14220_ymin13782_MPP-0.2500_774_1612,0
TCGA-A8-A08R-DX1_xmin14220_ymin13782_MPP-0.2500_774_2418,4
TCGA-A8-A08R-DX1_xmin14220_ymin13782_MPP-0.2500_774_806,3
TCGA-A8-A09X-DX1_xmin55379_ymin38394_MPP-0.2500_0_0,2
TCGA-A8-A09X-DX1_xmin55379_ymin38394_MPP-0.2500_0_1689,3
TCGA-A8-A09X-DX1_xmin55379_ymin38394_MPP-0.2500_0_2533,2
TCGA-A8-A09X-DX1_xmin55379_ymin38394_MPP-0.2500_0_845,4
TCGA-A8-A09X-DX1_xmin55379_ymin38394_MPP-0.2500_1428_0,2
TCGA-A8-A09X-DX1_xmin55379_ymin38394_MPP-0.2500_1428_1689,0
TCGA-A8-A09X-DX1_xmin55379_ymin38394_MPP-0.2500_1428_2533,3
TCGA-A8-A09X-DX1_xmin55379_ymin38394_MPP-0.2500_1428_845,4
TCGA-A8-A09X-DX1_xmin55379_ymin38394_MPP-0.2500_2142_0,1
TCGA-A8-A09X-DX1_xmin55379_ymin38394_MPP-0.2500_2142_1689,4
TCGA-A8-A09X-DX1_xmin55379_ymin38394_MPP-0.2500_2142_2533,2
TCGA-A8-A09X-DX1_xmin55379_ymin38394_MPP-0.2500_2142_845,2
TCGA-A8-A09X-DX1_xmin55379_ymin38394_MPP-0.2500_714_0,2
TCGA-A8-A09X-DX1_xmin55379_ymin38394_MPP-0.2500_714_1689,3
TCGA-A8-A09X-DX1_xmin55379_ymin38394_MPP-0.2500_714_2533,3
TCGA-A8-A09X-DX1_xmin55379_ymin38394_MPP-0.2500_714_845,2
TCGA-AC-A2BK-DX1_xmin15426_ymin8344_MPP-0.2500_0_0,0
TCGA-AC-A2BK-DX1_xmin15426_ymin8344_MPP-0.2500_0_1510,3
TCGA-AC-A2BK-DX1_xmin15426_ymin8344_MPP-0.2500_0_2265,2
TCGA-AC-A2BK-DX1_xmin15426_ymin8344_MPP-0.2500_0_755,3
TCGA-AC-A2BK-DX1_xmin15426_ymin8344_MPP-0.2500_1558_0,0
TCGA-AC-A2BK-DX1_xmin15426_ymin8344_MPP-0.2500_1558_1510,4
TCGA-AC-A2BK-DX1_xmin15426_ymin8344_MPP-0.2500_1558_2265,4
TCGA-AC-A2BK-DX1_xmin15426_ymin8344_MPP-0.2500_1558_755,3
TCGA-AC-A2BK-DX1_xmin15426_ymin8344_MPP-0.2500_779_0,1
TCGA-AC-A2BK-DX1_xmin15426_ymin8344_MPP-0.2500_779_1510,1
TCGA-AC-A2BK-DX1_xmin15426_ymin8344_MPP-0.2500_779_2265,4
TCGA-AC-A2BK-DX1_xmin15426_ymin8344_MPP-0.2500_779_755,4
TCGA-AC-A2QH-DX1_xmin42173_ymin16859_MPP-0.2500_0_0,1
TCGA-AC-A2QH-DX1_xmin42173_ymin16859_MPP-0.2500_0_1968,3
TCGA-AC-A2QH-DX1_xmin42173_ymin16859_MPP-0.2500_0_2952,2
TCGA-AC-A2QH-DX1_xmin42173_ymin16859_MPP-0.2500_0_3936,1
TCGA-AC-A2QH-DX1_xmin42173_ymin16859_MPP-0.2500_0_984,2
TCGA-AC-A2QH-DX1_xmin42173_ymin16859_MPP-0.2500_1914_0,0
TCGA-AC-A2QH-DX1_xmin42173_ymin16859_MPP-0.2500_1914_1968,2
TCGA-AC-A2QH-DX1_xmin42173_ymin16859_MPP-0.2500_1914_2952,1
TCGA-AC-A2QH-DX1_xmin42173_ymin16859_MPP-0.2500_1914_3936,4
TCGA-AC-A2QH-DX1_xmin42173_ymin16859_MPP-0.2500_1914_984,1
TCGA-AC-A2QH-DX1_xmin42173_ymin16859_MPP-0.2500_2871_0,2
TCGA-AC-A2QH-DX1_xmin42173_ymin16859_MPP-0.2500_2871_1968,1
TCGA-AC-A2QH-DX1_xmin42173_ymin16859_MPP-0.2500_2871_2952,4
TCGA-AC-A2QH-DX1_xmin42173_ymin16859_MPP-0.2500_2871_3936,3
TCGA-AC-A2QH-DX1_xmin42173_ymin16859_MPP-0.2500_2871_984,0
TCGA-AC-A2QH-DX1_xmin42173_ymin16859_MPP-0.2500_3827_0,1
TCGA-AC-A2QH-DX1_xmin42173_ymin16859_MPP-0.2500_3827_1968,0
TCGA-AC-A2QH-DX1_xmin42173_ymin16859_MPP-0.2500_3827_2952,2
TCGA-AC-A2QH-DX1_xmin42173_ymin16859_MPP-0.2500_3827_3936,0
TCGA-AC-A2QH-DX1_xmin42173_ymin16859_MPP-0.2500_3827_984,0
TCGA-AC-A2QH-DX1_xmin42173_ymin16859_MPP-0.2500_957_0,2
TCGA-AC-A2QH-DX1_xmin42173_ymin16859_MPP-0.2500_957_1968,0
TCGA-AC-A2QH-DX1_xmin42173_ymin16859_MPP-0.2500_957_2952,4
TCGA-AC-A2QH-DX1_xmin42173_ymin16859_MPP-0.2500_957_3936,2
TCGA-AC-A2QH-DX1_xmin42173_ymin16859_MPP-0.2500_957_984,3
TCGA-AC-A2QJ-DX1_xmin36620_ymin8672_MPP-0.2500_0_0,4
TCGA-AC-A2QJ-DX1_xmin36620_ymin8672_MPP-0.2500_0_1090,1
TCGA-AC-A2QJ-DX1_xmin36620_ymin8672_MPP-0.2500_0_545,4
TCGA-AC-A2QJ-DX1_xmin36620_ymin8672_MPP-0.2500_1792_0,1
TCGA-AC-A2QJ-DX1_xmin36620_ymin8672_MPP-0.2500_1792_1090,2
TCGA-AC-A2QJ-DX1_xmin36620_ymin8672_MPP-0.2500_1792_545,3
TCGA-AC-A2QJ-DX1_xmin36620_ymin8672_MPP-0.2500_2688_0,3
TCGA-AC-A2QJ-DX1_xmin36620_ymin8672_MPP-0.2500_2688_1090,0
TCGA-AC-A2QJ-DX1_xmin36620_ymin8672_MPP-0.2500_2688_545,0
TCGA-AC-A2QJ-DX1_xmin36620_ymin8672_MPP-0.2500_3583_0,0
TCGA-AC-A2QJ-DX1_xmin36620_ymin8672_MPP-0.2500_3583_1090,3
TCGA-AC-A2QJ-DX1_xmin36620_ymin8672_MPP-0.2500_3583_545,4
TCGA-AC-A2QJ-DX1_xmin36620_ymin8672_MPP-0.2500_896_0,1
TCGA-AC-A2QJ-DX1_xmin36620_ymin8672_MPP-0.2500_896_1090,3
TCGA-AC-A2QJ-DX1_xmin36620_ymin8672_MPP-0.2500_896_545,4
TCGA-AC-A6IW-DX1_xmin15387_ymin6222_MPP-0.2500_0_0,3
TCGA-AC-A6IW-DX1_xmin15387_ymin6222_MPP-0.2500_0_1111,0
TCGA-AC-A6IW-DX1_xmin15387_ymin6222_MPP-0.2500_0_556,4
TCGA-AC-A6IW-DX1_xmin15387_ymin6222_MPP-0.2500_1461_0,0
TCGA-AC-A6IW-DX1_xmin15387_ymin6222_MPP-0.2500_1461_1111,0
TCGA-AC-A6IW-DX1_xmin15387_ymin6222_MPP-0.2500_1461_556,4
TCGA-AC-A6IW-DX1_xmin15387_ymin6222_MPP-0.2500_2191_0,0
TCGA-AC-A6IW-DX1_xmin15387_ymin6222_MPP-0.2500_2191_1111,2
TCGA-AC-A6IW-DX1_xmin15387_ymin6222_MPP-0.2500_2191_556,4
TCGA-AC-A6IW-DX1_xmin15387_ymin6222_MPP-0.2500_731_0,4
TCGA-AC-A6IW-DX1_xmin15387_ymin6222_MPP-0.2500_731_1111,1
TCGA-AC-A6IW-DX1_xmin15387_ymin6222_MPP-0.2500_731_556,3
TCGA-AC-A7VC-DX1_xmin20658_ymin22410_MPP-0.2500_0_0,0
TCGA-AC-A7VC-DX1_xmin20658_ymin22410_MPP-0.2500_0_1543,4
TCGA-AC-A7VC-DX1_xmin20658_ymin22410_MPP-0.2500_0_2314,3
TCGA-AC-A7VC-DX1_xmin20658_ymin22410_MPP-0.2500_0_3085,4
TCGA-AC-A7VC-DX1_xmin20658_ymin22410_MPP-0.2500_0_772,2
TCGA-AC-A7VC-DX1_xmin20658_ymin22410_MPP-0.2500_1792_0,1
TCGA-AC-A7VC-DX1_xmin20658_ymin22410_MPP-0.2500_1792_1543,2
TCGA-AC-A7VC-DX1_xmin20658_ymin22410_MPP-0.2500_1792_2314,3
TCGA-AC-A7VC-DX1_xmin20658_ymin22410_MPP-0.2500_1792_3085,3
TCGA-AC-A7VC-DX1_xmin20658_ymin22410_MPP-0.2500_1792_772,4
TCGA-AC-A7VC-DX1_xmin20658_ymin22410_MPP-0.2500_2687_0,3
TCGA-AC-A7VC-DX1_xmin20658_ymin22410_MPP-0.2500_2687_1543,4
TCGA-AC-A7VC-DX1_xmin20658_ymin22410_MPP-0.2500_2687_2314,3
TCGA-AC-A7VC-DX1_xmin20658_ymin22410_MPP-0.2500_2687_3085,2
TCGA-AC-A7VC-DX1_xmin20658_ymin22410_MPP-0.2500_2687_772,0
TCGA-AC-A7VC-DX1_xmin20658_ymin22410_MPP-0.2500_896_0,1
TCGA-AC-A7VC-DX1_xmin20658_ymin22410_MPP-0.2500_896_1543,4
TCGA-AC-A7VC-DX1_xmin20658_ymin22410_MPP-0.2500_896_2314,3
TCGA-AC-A7VC-DX1_xmin20658_ymin22410_MPP-0.2500_896_3085,0
TCGA-AC-A7VC-DX1_xmin20658_ymin22410_MPP-0.2500_896_772,3
TCGA-AN-A0AL-DX1_xmin15698_ymin29806_MPP-0.2500_0_0,4
TCGA-AN-A0AL-DX1_xmin15698_ymin29806_MPP-0.2500_0_1710,0
TCGA-AN-A0AL-DX1_xmin15698_ymin29806_MPP-0.2500_0_2564,0
TCGA-AN-A0AL-DX1_xmin15698_ymin29806_MPP-0.2500_0_3418,1
TCGA-AN-A0AL-DX1_xmin15698_ymin29806_MPP-0.2500_0_4272,4
TCGA-AN-A0AL-DX1_xmin15698_ymin29806_MPP-0.2500_0_5126,4
TCGA-AN-A0AL-DX1_xmin15698_ymin29806_MPP-0.2500_0_855,1
TCGA-AN-A0AL-DX1_xmin15698_ymin29806_MPP-0.2500_1434_0,4
TCGA-AN-A0AL-DX1_xmin15698_ymin29806_MPP-0.2500_1434_1710,2
TCGA-AN-A0AL-DX1_xmin15698_ymin29806_MPP-0.2500_1434_2564,3
TCGA-AN-A0AL-DX1_xmin15698_ymin29806_MPP-0.2500_1434_3418,4
TCGA-AN-A0AL-DX1_xmin15698_ymin29806_MPP-0.2500_1434_4272,0
TCGA-AN-A0AL-DX1_xmin15698_ymin29806_MPP-0.2500_1434_5126,2
TCGA-AN-A0AL-DX1_xmin15698_ymin29806_MPP-0.2500_1434_855,0
TCGA-AN-A0AL-DX1_xmin15698_ymin29806_MPP-0.2500_717_0,0
TCGA-AN-A0AL-DX1_xmin15698_ymin29806_MPP-0.2500_717_1710,2
TCGA-AN-A0AL-DX1_xmin15698_ymin29806_MPP-0.2500_717_2564,2
TCGA-AN-A0AL-DX1_xmin15698_ymin29806_MPP-0.2500_717_3418,4
TCGA-AN-A0AL-DX1_xmin15698_ymin29806_MPP-0.2500_717_4272,4
TCGA-AN-A0AL-DX1_xmin15698_ymin29806_MPP-0.2500_717_5126,3
TCGA-AN-A0AL-DX1_xmin15698_ymin29806_MPP-0.2500_717_855,2
TCGA-AN-A0AR-DX1_xmin8468_ymin21166_MPP-0.2500_0_0,3
TCGA-AN-A0AR-DX1_xmin8468_ymin21166_MPP-0.2500_0_1758,1
TCGA-AN-A0AR-DX1_xmin8468_ymin21166_MPP-0.2500_0_879,1
TCGA-AN-A0AR-DX1_xmin8468_ymin21166_MPP-0.2500_1947_0,1
TCGA-AN-A0AR-DX1_xmin8468_ymin21166_MPP-0.2500_1947_1758,0
TCGA-AN-A0AR-DX1_xmin8468_ymin21166_MPP-0.2500_1947_879,2
TCGA-AN-A0AR-DX1_xmin8468_ymin21166_MPP-0.2500_2920_0,1
TCGA-AN-A0AR-DX1_xmin8468_ymin21166_MPP-0.2500_2920_1758,0
TCGA-AN-A0AR-DX1_xmin8468_ymin21166_MPP-0.2500_2920_879,4
TCGA-AN-A0AR-DX1_xmin8468_ymin21166_MPP-0.2500_3893_0,3
TCGA-AN-A0AR-DX1_xmin8468_ymin21166_MPP-0.2500_3893_1758,1
TCGA-AN-A0AR-DX1_xmin8468_ymin21166_MPP-0.2500_3893_879,4
TCGA-AN-A0AR-DX1_xmin8468_ymin21166_MPP-0.2500_974_0,2
TCGA-AN-A0AR-DX1_xmin8468_ymin21166_MPP-0.2500_974_1758,0
TCGA-AN-A0AR-DX1_xmin8468_ymin21166_MPP-0.2500_974_879,4
TCGA-AN-A0AT-DX1_xmin31171_ymin35756_MPP-0.2500_0_0,4
TCGA-AN-A0AT-DX1_xmin31171_ymin35756_MPP-0.2500_0_1024,0
TCGA-AN-A0AT-DX1_xmin31171_ymin35756_MPP-0.2500_0_2047,4
TCGA-AN-A0AT-DX1_xmin31171_ymin35756_MPP-0.2500_1564_0,1
TCGA-AN-A0AT-DX1_xmin31171_ymin35756_MPP-0.2500_1564_1024,2
TCGA-AN-A0AT-DX1_xmin31171_ymin35756_MPP-0.2500_1564_2047,1
TCGA-AN-A0AT-DX1_xmin31171_ymin35756_MPP-0.2500_2345_0,4
TCGA-AN-A0AT-DX1_xmin31171_ymin35756_MPP-0.2500_2345_1024,0
TCGA-AN-A0AT-DX1_xmin31171_ymin35756_MPP-0.2500_2345_2047,2
TCGA-AN-A0AT-DX1_xmin31171_ymin35756_MPP-0.2500_782_0,3
TCGA-AN-A0AT-DX1_xmin31171_ymin35756_MPP-0.2500_782_1024,4
TCGA-AN-A0AT-DX1_xmin31171_ymin35756_MPP-0.2500_782_2047,0
TCGA-AN-A0G0-DX1_xmin32741_ymin14546_MPP-0.2500_0_0,2
TCGA-AN-A0G0-DX1_xmin32741_ymin14546_MPP-0.2500_0_1966,3
TCGA-AN-A0G0-DX1_xmin32741_ymin14546_MPP-0.2500_0_2949,0
TCGA-AN-A0G0-DX1_xmin32741_ymin14546_MPP-0.2500_0_983,1
TCGA-AN-A0G0-DX1_xmin32741_ymin14546_MPP-0.2500_1002_0,1
TCGA-AN-A0G0-DX1_xmin32741_ymin14546_MPP-0.2500_1002_1966,4
TCGA-AN-A0G0-DX1_xmin32741_ymin14546_MPP-0.2500_1002_2949,2
TCGA-AN-A0G0-DX1_xmin32741_ymin14546_MPP-0.2500_1002_983,4
TCGA-AN-A0G0-DX1_xmin32741_ymin14546_MPP-0.2500_2004_0,3
TCGA-AN-A0G0-DX1_xmin32741_ymin14546_MPP-0.2500_2004_1966,4
TCGA-AN-A0G0-DX1_xmin32741_ymin14546_MPP-0.2500_2004_2949,2
TCGA-AN-A0G0-DX1_xmin32741_ymin14546_MPP-0.2500_2004_983,0
TCGA-AN-A0XU-DX1_xmin26118_ymin18441_MPP-0.2500_0_0,1
TCGA-AN-A0XU-DX1_xmin26118_ymin18441_MPP-0.2500_0_1768,0
TCGA-AN-A0XU-DX1_xmin26118_ymin18441_MPP-0.2500_0_2652,2
TCGA-AN-A0XU-DX1_xmin26118_ymin18441_MPP-0.2500_0_3536,2
TCGA-AN-A0XU-DX1_xmin26118_ymin18441_MPP-0.2500_0_4420,3
TCGA-AN-A0XU-DX1_xmin26118_ymin18441_MPP-0.2500_0_5304,2
TCGA-AN-A0XU-DX1_xmin26118_ymin18441_MPP-0.2500_0_6187,1
TCGA-AN-A0XU-DX1_xmin26118_ymin18441_MPP-0.2500_0_884,2
TCGA-AN-A0XU-DX1_xmin26118_ymin18441_MPP-0.2500_1747_0,1
TCGA-AN-A0XU-DX1_xmin26118_ymin18441_MPP-0.2500_1747_1768,2
TCGA-AN-A0XU-DX1_xmin26118_ymin18441_MPP-0.2500_1747_2652,0
TCGA-AN-A0XU-DX1_xmin26118_ymin18441_MPP-0.2500_1747_3536,1
TCGA-AN-A0XU-DX1_xmin26118_ymin18441_MPP-0.2500_1747_4420,1
TCGA-AN-A0XU-DX1_xmin26118_ymin18441_MPP-0.2500_1747_5304,4
TCGA-AN-A0XU-DX1_xmin26118_ymin18441_MPP-0.2500_1747_6187,0
TCGA-AN-A0XU-DX1_xmin26118_ymin18441_MPP-0.2500_1747_884,3
TCGA-AN-A0XU-DX1_xmin26118_ymin18441_MPP-0.2500_2620_0,1
TCGA-AN-A0XU-DX1_xmin26118_ymin18441_MPP-0.2500_2620_1768,3
TCGA-AN-A0XU-DX1_xmin26118_ymin18441_MPP-0.2500_2620_2652,0
TCGA-AN-A0XU-DX1_xmin26118_ymin18441_MPP-0.2500_2620_3536,3
TCGA-AN-A0XU-DX1_xmin26118_ymin18441_MPP-0.2500_2620_4420,2
TCGA-AN-A0XU-DX1_xmin26118_ymin18441_MPP-0.2500_2620_5304,2
TCGA-AN-A0XU-DX1_xmin26118_ymin18441_MPP-0.2500_2620_6187,0
TCGA-AN-A0XU-DX1_xmin26118_ymin18441_MPP-0.2500_2620_884,4
TCGA-AN-A0XU-DX1_xmin26118_ymin18441_MPP-0.2500_874_0,0
TCGA-AN-A0XU-DX1_xmin26118_ymin18441_MPP-0.2500_874_1768,2
TCGA-AN-A0XU-DX1_xmin26118_ymin18441_MPP-0.2500_874_2652,1
TCGA-AN-A0XU-DX1_xmin26118_ymin18441_MPP-0.2500_874_3536,3
TCGA-AN-A0XU-DX1_xmin26118_ymin18441_MPP-0.2500_874_4420,1
TCGA-AN-A0XU-DX1_xmin26118_ymin18441_MPP-0.2500_874_5304,2
TCGA-AN-A0XU-DX1_xmin26118_ymin18441_MPP-0.2500_874_6187,2
TCGA-AN-A0XU-DX1_xmin26118_ymin18441_MPP-0.2500_874_884,1
TCGA-AO-A03U-DX1_xmin17362_ymin25363_MPP-0.2500_0_0,1
TCGA-AO-A03U-DX1_xmin17362_ymin25363_MPP-0.2500_0_1714,3
TCGA-AO-A03U-DX1_xmin17362_ymin25363_MPP-0.2500_0_2571,1
TCGA-AO-A03U-DX1_xmin17362_ymin25363_MPP-0.2500_0_3427,3
TCGA-AO-A03U-DX1_xmin17362_ymin25363_MPP-0.2500_0_4283,4
TCGA-AO-A03U-DX1_xmin17362_ymin25363_MPP-0.2500_0_5139,4
TCGA-AO-A03U-DX1_xmin17362_ymin25363_MPP-0.2500_0_857,2
TCGA-AO-A03U-DX1_xmin17362_ymin25363_MPP-0.2500_1718_0,1
TCGA-AO-A03U-DX1_xmin17362_ymin25363_MPP-0.2500_1718_1714,3
TCGA-AO-A03U-DX1_xmin17362_ymin25363_MPP-0.2500_1718_2571,3
TCGA-AO-A03U-DX1_xmin17362_ymin25363_MPP-0.2500_1718_3427,2
TCGA-AO-A03U-DX1_xmin17362_ymin25363_MPP-0.2500_1718_4283,3
TCGA-AO-A03U-DX1_xmin17362_ymin25363_MPP-0.2500_1718_5139,1
TCGA-AO-A03U-DX1_xmin17362_ymin25363_MPP-0.2500_1718_857,3
TCGA-AO-A03U-DX1_xmin17362_ymin25363_MPP-0.2500_2577_0,2
TCGA-AO-A03U-DX1_xmin17362_ymin25363_MPP-0.2500_2577_1714,4
TCGA-AO-A03U-DX1_xmin17362_ymin25363_MPP-0.2500_2577_2571,0
TCGA-AO-A03U-DX1_xmin17362_ymin25363_MPP-0.2500_2577_3427,4
TCGA-AO-A03U-DX1_xmin17362_ymin25363_MPP-0.2500_2577_4283,4
TCGA-AO-A03U-DX1_xmin17362_ymin25363_MPP-0.2500_2577_5139,1
TCGA-AO-A03U-DX1_xmin17362_ymin25363_MPP-0.2500_2577_857,1
TCGA-AO-A03U-DX1_xmin17362_ymin25363_MPP-0.2500_3435_0,3
TCGA-AO-A03U-DX1_xmin17362_ymin25363_MPP-0.2500_3435_1714,0
TCGA-AO-A03U-DX1_xmin17362_ymin25363_MPP-0.2500_3435_2571,4
TCGA-AO-A03U-DX1_xmin17362_ymin25363_MPP-0.2500_3435_3427,2
TCGA-AO-A03U-DX1_xmin17362_ymin25363_MPP-0.2500_3435_4283,4
TCGA-AO-A03U-DX1_xmin17362_ymin25363_MPP-0.2500_3435_5139,2
TCGA-AO-A03U-DX1_xmin17362_ymin25363_MPP-0.2500_3435_857,3
TCGA-AO-A03U-DX1_xmin17362_ymin25363_MPP-0.2500_859_0,2
TCGA-AO-A03U-DX1_xmin17362_ymin25363_MPP-0.2500_859_1714,1
TCGA-AO-A03U-DX1_xmin17362_ymin25363_MPP-0.2500_859_2571,1
TCGA-AO-A03U-DX1_xmin17362_ymin25363_MPP-0.2500_859_3427,0
TCGA-AO-A03U-DX1_xmin17362_ymin25363_MPP-0.2500_859_4283,4
TCGA-AO-A03U-DX1_xmin17362_ymin25363_MPP-0.2500_859_5139,4
TCGA-AO-A03U-DX1_xmin17362_ymin25363_MPP-0.2500_859_857,2
TCGA-AO-A0J2-DX1_xmin33561_ymin14515_MPP-0.2500_0_0,2
TCGA-AO-A0J2-DX1_xmin33561_ymin14515_MPP-0.2500_0_1023,4
TCGA-AO-A0J2-DX1_xmin33561_ymin14515_MPP-0.2500_0_2046,4
TCGA-AO-A0J2-DX1_xmin33561_ymin14515_MPP-0.2500_0_3069,0
TCGA-AO-A0J2-DX1_xmin33561_ymin14515_MPP-0.2500_1788_0,3
TCGA-AO-A0J2-DX1_xmin33561_ymin14515_MPP-0.2500_1788_1023,3
TCGA-AO-A0J2-DX1_xmin33561_ymin14515_MPP-0.2500_1788_2046,4
TCGA-AO-A0J2-DX1_xmin33561_ymin14515_MPP-0.2500_1788_3069,0
TCGA-AO-A0J2-DX1_xmin33561_ymin14515_MPP-0.2500_894_0,0
TCGA-AO-A0J2-DX1_xmin33561_ymin14515_MPP-0.2500_894_1023,2
TCGA-AO-A0J2-DX1_xmin33561_ymin14515_MPP-0.2500_894_2046,3
TCGA-AO-A0J2-DX1_xmin33561_ymin14515_MPP-0.2500_894_3069,2
TCGA-AO-A0J4-DX1_xmin17194_ymin10629_MPP-0.2500_0_0,4
TCGA-AO-A0J4-DX1_xmin17194_ymin10629_MPP-0.2500_0_1961,2
TCGA-AO-A0J4-DX1_xmin17194_ymin10629_MPP-0.2500_0_2941,4
TCGA-AO-A0J4-DX1_xmin17194_ymin10629_MPP-0.2500_0_3921,4
TCGA-AO-A0J4-DX1_xmin17194_ymin10629_MPP-0.2500_0_4901,1
TCGA-AO-A0J4-DX1_xmin17194_ymin10629_MPP-0.2500_0_5881,2
TCGA-AO-A0J4-DX1_xmin17194_ymin10629_MPP-0.2500_0_981,1
TCGA-AO-A0J4-DX1_xmin17194_ymin10629_MPP-0.2500_1403_0,0
TCGA-AO-A0J4-DX1_xmin17194_ymin10629_MPP-0.2500_1403_1961,1
TCGA-AO-A0J4-DX1_xmin17194_ymin10629_MPP-0.2500_1403_2941,3
TCGA-AO-A0J4-DX1_xmin17194_ymin10629_MPP-0.2500_1403_3921,2
TCGA-AO-A0J4-DX1_xmin17194_ymin10629_MPP-0.2500_1403_4901,3
TCGA-AO-A0J4-DX1_xmin17194_ymin10629_MPP-0.2500_1403_5881,1
TCGA-AO-A0J4-DX1_xmin17194_ymin10629_MPP-0.2500_1403_981,1
TCGA-AO-A0J4-DX1_xmin17194_ymin10629_MPP-0.2500_2104_0,2
TCGA-AO-A0J4-DX1_xmin17194_ymin10629_MPP-0.2500_2104_1961,1
TCGA-AO-A0J4-DX1_xmin17194_ymin10629_MPP-0.2500_2104_2941,1
TCGA-AO-A0J4-DX1_xmin17194_ymin10629_MPP-0.2500_2104_3921,2
TCGA-AO-A0J4-DX1_xmin17194_ymin10629_MPP-0.2500_2104_4901,2
TCGA-AO-A0J4-DX1_xmin17194_ymin10629_MPP-0.2500_2104_5881,2
TCGA-AO-A0J4-DX1_xmin17194_ymin10629_MPP-0.2500_2104_981,3
TCGA-AO-A0J4-DX1_xmin17194_ymin10629_MPP-0.2500_702_0,0
TCGA-AO-A0J4-DX1_xmin17194_ymin10629_MPP-0.2500_702_1961,0
TCGA-AO-A0J4-DX1_xmin17194_ymin10629_MPP-0.2500_702_2941,1
TCGA-AO-A0J4-DX1_xmin17194_ymin10629_MPP-0.2500_702_3921,3
TCGA-AO-A0J4-DX1_xmin17194_ymin10629_MPP-0.2500_702_4901,1
TCGA-AO-A0J4-DX1_xmin17194_ymin10629_MPP-0.2500_702_5881,0
TCGA-AO-A0J4-DX1_xmin17194_ymin10629_MPP-0.2500_702_981,4
TCGA-AO-A0J6-DX1_xmin40548_ymin11135_MPP-0.2500_0_0,0
TCGA-AO-A0J6-DX1_xmin40548_ymin11135_MPP-0.2500_0_1932,4
TCGA-AO-A0J6-DX1_xmin40548_ymin11135_MPP-0.2500_0_2898,3
TCGA-AO-A0J6-DX1_xmin40548_ymin11135_MPP-0.2500_0_3864,0
TCGA-AO-A0J6-DX1_xmin40548_ymin11135_MPP-0.2500_0_4830,1
TCGA-AO-A0J6-DX1_xmin40548_ymin11135_MPP-0.2500_0_966,2
TCGA-AO-A0J6-DX1_xmin40548_ymin11135_MPP-0.2500_1418_0,2
TCGA-AO-A0J6-DX1_xmin40548_ymin11135_MPP-0.2500_1418_1932,2
TCGA-AO-A0J6-DX1_xmin40548_ymin11135_MPP-0.2500_1418_2898,3
TCGA-AO-A0J6-DX1_xmin40548_ymin11135_MPP-0.2500_1418_3864,0
TCGA-AO-A0J6-DX1_xmin40548_ymin11135_MPP-0.2500_1418_4830,2
TCGA-AO-A0J6-DX1_xmin40548_ymin11135_MPP-0.2500_1418_966,1
TCGA-AO-A0J6-DX1_xmin40548_ymin11135_MPP-0.2500_2127_0,2
TCGA-AO-A0J6-DX1_xmin40548_ymin11135_MPP-0.2500_2127_1932,4
TCGA-AO-A0J6-DX1_xmin40548_ymin11135_MPP-0.2500_2127_2898,3
TCGA-AO-A0J6-DX1_xmin40548_ymin11135_MPP-0.2500_2127_3864,0
TCGA-AO-A0J6-DX1_xmin40548_ymin11135_MPP-0.2500_2127_4830,4
TCGA-AO-A0J6-DX1_xmin40548_ymin11135_MPP-0.2500_2127_966,0
TCGA-AO-A0J6-DX1_xmin40548_ymin11135_MPP-0.2500_709_0,4
TCGA-AO-A0J6-DX1_xmin40548_ymin11135_MPP-0.2500_709_1932,0
TCGA-AO-A0J6-DX1_xmin40548_ymin11135_MPP-0.2500_709_2898,4
TCGA-AO-A0J6-DX1_xmin40548_ymin11135_MPP-0.2500_709_3864,1
TCGA-AO-A0J6-DX1_xmin40548_ymin11135_MPP-0.2500_709_4830,2
TCGA-AO-A0J6-DX1_xmin40548_ymin11135_MPP-0.2500_709_966,1
TCGA-AO-A124-DX1_xmin16436_ymin1748_MPP-0.2500_0_0,1
TCGA-AO-A124-DX1_xmin16436_ymin1748_MPP-0.2500_0_1244,2
TCGA-AO-A124-DX1_xmin16436_ymin1748_MPP-0.2500_0_622,1
TCGA-AO-A124-DX1_xmin16436_ymin1748_MPP-0.2500_1446_0,4
TCGA-AO-A124-DX1_xmin16436_ymin1748_MPP-0.2500_1446_1244,1
TCGA-AO-A124-DX1_xmin16436_ymin1748_MPP-0.2500_1446_622,4
TCGA-AO-A124-DX1_xmin16436_ymin1748_MPP-0.2500_2169_0,1
TCGA-AO-A124-DX1_xmin16436_ymin1748_MPP-0.2500_2169_1244,3
TCGA-AO-A124-DX1_xmin16436_ymin1748_MPP-0.2500_2169_622,2
TCGA-AO-A124-DX1_xmin16436_ymin1748_MPP-0.2500_723_0,3
TCGA-AO-A124-DX1_xmin16436_ymin1748_MPP-0.2500_723_1244,2
TCGA-AO-A124-DX1_xmin16436_ymin1748_MPP-0.2500_723_622,4
TCGA-AO-A128-DX1_xmin11924_ymin4831_MPP-0.2500_0_0,3
TCGA-AO-A128-DX1_xmin11924_ymin4831_MPP-0.2500_0_1977,1
TCGA-AO-A128-DX1_xmin11924_ymin4831_MPP-0.2500_0_989,4
TCGA-AO-A128-DX1_xmin11924_ymin4831_MPP-0.2500_1398_0,0
TCGA-AO-A128-DX1_xmin11924_ymin4831_MPP-0.2500_1398_1977,3
TCGA-AO-A128-DX1_xmin11924_ymin4831_MPP-0.2500_1398_989,3
TCGA-AO-A128-DX1_xmin11924_ymin4831_MPP-0.2500_699_0,2
TCGA-AO-A128-DX1_xmin11924_ymin4831_MPP-0.2500_699_1977,0
TCGA-AO-A128-DX1_xmin11924_ymin4831_MPP-0.2500_699_989,1
TCGA-AO-A129-DX1_xmin37502_ymin12501_MPP-0.2500_0_0,4
TCGA-AO-A129-DX1_xmin37502_ymin12501_MPP-0.2500_0_1782,0
TCGA-AO-A129-DX1_xmin37502_ymin12501_MPP-0.2500_0_2673,2
TCGA-AO-A129-DX1_xmin37502_ymin12501_MPP-0.2500_0_3564,2
TCGA-AO-A129-DX1_xmin37502_ymin12501_MPP-0.2500_0_4455,1
TCGA-AO-A129-DX1_xmin37502_ymin12501_MPP-0.2500_0_5346,2
TCGA-AO-A129-DX1_xmin37502_ymin12501_MPP-0.2500_0_6237,0
TCGA-AO-A129-DX1_xmin37502_ymin12501_MPP-0.2500_0_891,0
TCGA-AO-A129-DX1_xmin37502_ymin12501_MPP-0.2500_1492_0,2
TCGA-AO-A129-DX1_xmin37502_ymin12501_MPP-0.2500_1492_1782,3
TCGA-AO-A129-DX1_xmin37502_ymin12501_MPP-0.2500_1492_2673,1
TCGA-AO-A129-DX1_xmin37502_ymin12501_MPP-0.2500_1492_3564,2
TCGA-AO-A129-DX1_xmin37502_ymin12501_MPP-0.2500_1492_4455,4
TCGA-AO-A129-DX1_xmin37502_ymin12501_MPP-0.2500_1492_5346,3
TCGA-AO-A129-DX1_xmin37502_ymin12501_MPP-0.2500_1492_6237,1
TCGA-AO-A129-DX1_xmin37502_ymin12501_MPP-0.2500_1492_891,3
TCGA-AO-A129-DX1_xmin37502_ymin12501_MPP-0.2500_2237_0,2
TCGA-AO-A129-DX1_xmin37502_ymin12501_MPP-0.2500_2237_1782,2
TCGA-AO-A129-DX1_xmin37502_ymin12501_MPP-0.2500_2237_2673,4
TCGA-AO-A129-DX1_xmin37502_ymin12501_MPP-0.2500_2237_3564,1
TCGA-AO-A129-DX1_xmin37502_ymin12501_MPP-0.2500_2237_4455,3
TCGA-AO-A129-DX1_xmin37502_ymin12501_MPP-0.2500_2237_5346,2
TCGA-AO-A129-DX1_xmin37502_ymin12501_MPP-0.2500_2237_6237,3
TCGA-AO-A129-DX1_xmin37502_ymin12501_MPP-0.2500_2237_891,0
TCGA-AO-A129-DX1_xmin37502_ymin12501_MPP-0.2500_746_0,2
TCGA-AO-A129-DX1_xmin37502_ymin12501_MPP-0.2500_746_1782,0
TCGA-AO-A129-DX1_xmin37502_ymin12501_MPP-0.2500_746_2673,4
TCGA-AO-A129-DX1_xmin37502_ymin12501_MPP-0.2500_746_3564,4
TCGA-AO-A129-DX1_xmin37502_ymin12501_MPP-0.2500_746_4455,3
TCGA-AO-A129-DX1_xmin37502_ymin12501_MPP-0.2500_746_5346,1
TCGA-AO-A129-DX1_xmin37502_ymin12501_MPP-0.2500_746_6237,3
TCGA-AO-A129-DX1_xmin37502_ymin12501_MPP-0.2500_746_891,3
TCGA-AO-A12F-DX1_xmin16484_ymin29374_MPP-0.2500_0_0,4
TCGA-AO-A12F-DX1_xmin16484_ymin29374_MPP-0.2500_0_1990,1
TCGA-AO-A12F-DX1_xmin16484_ymin29374_MPP-0.2500_0_2985,0
TCGA-AO-A12F-DX1_xmin16484_ymin29374_MPP-0.2500_0_3979,4
TCGA-AO-A12F-DX1_xmin16484_ymin29374_MPP-0.2500_0_4973,1
TCGA-AO-A12F-DX1_xmin16484_ymin29374_MPP-0.2500_0_995,2
TCGA-AO-A12F-DX1_xmin16484_ymin29374_MPP-0.2500_1282_0,0
TCGA-AO-A12F-DX1_xmin16484_ymin29374_MPP-0.2500_1282_1990,2
TCGA-AO-A12F-DX1_xmin16484_ymin29374_MPP-0.2500_1282_2985,2
TCGA-AO-A12F-DX1_xmin16484_ymin29374_MPP-0.2500_1282_3979,4
TCGA-AO-A12F-DX1_xmin16484_ymin29374_MPP-0.2500_1282_4973,3
TCGA-AO-A12F-DX1_xmin16484_ymin29374_MPP-0.2500_1282_995,4
TCGA-AO-A12F-DX1_xmin16484_ymin29374_MPP-0.2500_641_0,0
TCGA-AO-A12F-DX1_xmin16484_ymin29374_MPP-0.2500_641_1990,4
TCGA-AO-A12F-DX1_xmin16484_ymin29374_MPP-0.2500_641_2985,1
TCGA-AO-A12F-DX1_xmin16484_ymin29374_MPP-0.2500_641_3979,3
TCGA-AO-A12F-DX1_xmin16484_ymin29374_MPP-0.2500_641_4973,1
TCGA-AO-A12F-DX1_xmin16484_ymin29374_MPP-0.2500_641_995,0
TCGA-AO-A1KR-DX1_xmin19591_ymin37667_MPP-0.2500_0_0,2
TCGA-AO-A1KR-DX1_xmin19591_ymin37667_MPP-0.2500_0_1715,0
TCGA-AO-A1KR-DX1_xmin19591_ymin37667_MPP-0.2500_0_2572,2
TCGA-AO-A1KR-DX1_xmin19591_ymin37667_MPP-0.2500_0_3429,0
TCGA-AO-A1KR-DX1_xmin19591_ymin37667_MPP-0.2500_0_4286,3
TCGA-AO-A1KR-DX1_xmin19591_ymin37667_MPP-0.2500_0_5143,3
TCGA-AO-A1KR-DX1_xmin19591_ymin37667_MPP-0.2500_0_858,3
TCGA-AO-A1KR-DX1_xmin19591_ymin37667_MPP-0.2500_1413_0,0
TCGA-AO-A1KR-DX1_xmin19591_ymin37667_MPP-0.2500_1413_1715,0
TCGA-AO-A1KR-DX1_xmin19591_ymin37667_MPP-0.2500_1413_2572,0
TCGA-AO-A1KR-DX1_xmin19591_ymin37667_MPP-0.2500_1413_3429,1
TCGA-AO-A1KR-DX1_xmin19591_ymin37667_MPP-0.2500_1413_4286,4
TCGA-AO-A1KR-DX1_xmin19591_ymin37667_MPP-0.2500_1413_5143,4
TCGA-AO-A1KR-DX1_xmin19591_ymin37667_MPP-0.2500_1413_858,1
TCGA-AO-A1KR-DX1_xmin19591_ymin37667_MPP-0.2500_2119_0,4
TCGA-AO-A1KR-DX1_xmin19591_ymin37667_MPP-0.2500_2119_1715,2
TCGA-AO-A1KR-DX1_xmin19591_ymin37667_MPP-0.2500_2119_2572,3
TCGA-AO-A1KR-DX1_xmin19591_ymin37667_MPP-0.2500_2119_3429,0
TCGA-AO-A1KR-DX1_xmin19591_ymin37667_MPP-0.2500_2119_4286,2
TCGA-AO-A1KR-DX1_xmin19591_ymin37667_MPP-0.2500_2119_5143,3
TCGA-AO-A1KR-DX1_xmin19591_ymin37667_MPP-0.2500_2119_858,2
TCGA-AO-A1KR-DX1_xmin19591_ymin37667_MPP-0.2500_707_0,2
TCGA-AO-A1KR-DX1_xmin19591_ymin37667_MPP-0.2500_707_1715,3
TCGA-AO-A1KR-DX1_xmin19591_ymin37667_MPP-0.2500_707_2572,3
TCGA-AO-A1KR-DX1_xmin19591_ymin37667_MPP-0.2500_707_3429,2
TCGA-AO-A1KR-DX1_xmin19591_ymin37667_MPP-0.2500_707_4286,3
TCGA-AO-A1KR-DX1_xmin19591_ymin37667_MPP-0.2500_707_5143,2
TCGA-AO-A1KR-DX1_xmin19591_ymin37667_MPP-0.2500_707_858,4
TCGA-AQ-A04J-DX1_xmin64631_ymin12074_MPP-0.2500_0_0,1
TCGA-AQ-A04J-DX1_xmin64631_ymin12074_MPP-0.2500_0_1247,2
TCGA-AQ-A04J-DX1_xmin64631_ymin12074_MPP-0.2500_0_624,1
TCGA-AQ-A04J-DX1_xmin64631_ymin12074_MPP-0.2500_1750_0,3
TCGA-AQ-A04J-DX1_xmin64631_ymin12074_MPP-0.2500_1750_1247,3
TCGA-AQ-A04J-DX1_xmin64631_ymin12074_MPP-0.2500_1750_624,4
TCGA-AQ-A04J-DX1_xmin64631_ymin12074_MPP-0.2500_875_0,3
TCGA-AQ-A04J-DX1_xmin64631_ymin12074_MPP-0.2500_875_1247,4
TCGA-AQ-A04J-DX1_xmin64631_ymin12074_MPP-0.2500_875_624,4
TCGA-AQ-A54N-DX1_xmin32440_ymin26558_MPP-0.2500_0_0,2
TCGA-AQ-A54N-DX1_xmin32440_ymin26558_MPP-0.2500_0_1011,1
TCGA-AQ-A54N-DX1_xmin32440_ymin26558_MPP-0.2500_0_2021,4
TCGA-AQ-A54N-DX1_xmin32440_ymin26558_MPP-0.2500_1443_0,4
TCGA-AQ-A54N-DX1_xmin32440_ymin26558_MPP-0.2500_1443_1011,3
TCGA-AQ-A54N-DX1_xmin32440_ymin26558_MPP-0.2500_1443_2021,1
TCGA-AQ-A54N-DX1_xmin32440_ymin26558_MPP-0.2500_2164_0,4
TCGA-AQ-A54N-DX1_xmin32440_ymin26558_MPP-0.2500_2164_1011,0
TCGA-AQ-A54N-DX1_xmin32440_ymin26558_MPP-0.2500_2164_2021,3
TCGA-AQ-A54N-DX1_xmin32440_ymin26558_MPP-0.2500_722_0,1
TCGA-AQ-A54N-DX1_xmin32440_ymin26558_MPP-0.2500_722_1011,3
TCGA-AQ-A54N-DX1_xmin32440_ymin26558_MPP-0.2500_722_2021,3
TCGA-AR-A0TS-DX1_xmin118843_ymin22812_MPP-0.2500_0_0,3
TCGA-AR-A0TS-DX1_xmin118843_ymin22812_MPP-0.2500_0_1654,4
TCGA-AR-A0TS-DX1_xmin118843_ymin22812_MPP-0.2500_0_2480,4
TCGA-AR-A0TS-DX1_xmin118843_ymin22812_MPP-0.2500_0_3306,4
TCGA-AR-A0TS-DX1_xmin118843_ymin22812_MPP-0.2500_0_4132,3
TCGA-AR-A0TS-DX1_xmin118843_ymin22812_MPP-0.2500_0_827,1
TCGA-AR-A0TS-DX1_xmin118843_ymin22812_MPP-0.2500_1177_0,0
TCGA-AR-A0TS-DX1_xmin118843_ymin22812_MPP-0.2500_1177_1654,0
TCGA-AR-A0TS-DX1_xmin118843_ymin22812_MPP-0.2500_1177_2480,0
TCGA-AR-A0TS-DX1_xmin118843_ymin22812_MPP-0.2500_1177_3306,1
TCGA-AR-A0TS-DX1_xmin118843_ymin22812_MPP-0.2500_1177_4132,0
TCGA-AR-A0TS-DX1_xmin118843_ymin22812_MPP-0.2500_1177_827,3
TCGA-AR-A0TS-DX1_xmin118843_ymin22812_MPP-0.2500_589_0,2
TCGA-AR-A0TS-DX1_xmin118843_ymin22812_MPP-0.2500_589_1654,4
TCGA-AR-A0TS-DX1_xmin118843_ymin22812_MPP-0.2500_589_2480,0
TCGA-AR-A0TS-DX1_xmin118843_ymin22812_MPP-0.2500_589_3306,2
TCGA-AR-A0TS-DX1_xmin118843_ymin22812_MPP-0.2500_589_4132,3
TCGA-AR-A0TS-DX1_xmin118843_ymin22812_MPP-0.2500_589_827,4
TCGA-AR-A0TU-DX1_xmin88352_ymin23098_MPP-0.2500_0_0,2
TCGA-AR-A0TU-DX1_xmin88352_ymin23098_MPP-0.2500_0_1552,4
TCGA-AR-A0TU-DX1_xmin88352_ymin23098_MPP-0.2500_0_776,3
TCGA-AR-A0TU-DX1_xmin88352_ymin23098_MPP-0.2500_966_0,2
TCGA-AR-A0TU-DX1_xmin88352_ymin23098_MPP-0.2500_966_1552,3
TCGA-AR-A0TU-DX1_xmin88352_ymin23098_MPP-0.2500_966_776,4
TCGA-AR-A0U1-DX1_xmin63681_ymin24922_MPP-0.2500_0_0,1
TCGA-AR-A0U1-DX1_xmin63681_ymin24922_MPP-0.2500_0_1594,3
TCGA-AR-A0U1-DX1_xmin63681_ymin24922_MPP-0.2500_0_2390,0
TCGA-AR-A0U1-DX1_xmin63681_ymin24922_MPP-0.2500_0_797,0
TCGA-AR-A0U1-DX1_xmin63681_ymin24922_MPP-0.2500_892_0,1
TCGA-AR-A0U1-DX1_xmin63681_ymin24922_MPP-0.2500_892_1594,1
TCGA-AR-A0U1-DX1_xmin63681_ymin24922_MPP-0.2500_892_2390,2
TCGA-AR-A0U1-DX1_xmin63681_ymin24922_MPP-0.2500_892_797,4
TCGA-AR-A0U4-DX1_xmin41141_ymin69786_MPP-0.2500_0_0,4
TCGA-AR-A0U4-DX1_xmin41141_ymin69786_MPP-0.2500_0_1793,0
TCGA-AR-A0U4-DX1_xmin41141_ymin69786_MPP-0.2500_0_2689,3
TCGA-AR-A0U4-DX1_xmin41141_ymin69786_MPP-0.2500_0_3585,0
TCGA-AR-A0U4-DX1_xmin41141_ymin69786_MPP-0.2500_0_4481,1
TCGA-AR-A0U4-DX1_xmin41141_ymin69786_MPP-0.2500_0_897,2
TCGA-AR-A0U4-DX1_xmin41141_ymin69786_MPP-0.2500_897_0,1
TCGA-AR-A0U4-DX1_xmin41141_ymin69786_MPP-0.2500_897_1793,3
TCGA-AR-A0U4-DX1_xmin41141_ymin69786_MPP-0.2500_897_2689,4
TCGA-AR-A0U4-DX1_xmin41141_ymin69786_MPP-0.2500_897_3585,4
TCGA-AR-A0U4-DX1_xmin41141_ymin69786_MPP-0.2500_897_4481,0
TCGA-AR-A0U4-DX1_xmin41141_ymin69786_MPP-0.2500_897_897,0
TCGA-AR-A1AI-DX1_xmin38671_ymin10616_MPP-0.2500_0_0,0
TCGA-AR-A1AI-DX1_xmin38671_ymin10616_MPP-0.2500_0_1952,3
TCGA-AR-A1AI-DX1_xmin38671_ymin10616_MPP-0.2500_0_976,4
TCGA-AR-A1AI-DX1_xmin38671_ymin10616_MPP-0.2500_1216_0,4
TCGA-AR-A1AI-DX1_xmin38671_ymin10616_MPP-0.2500_1216_1952,0
TCGA-AR-A1AI-DX1_xmin38671_ymin10616_MPP-0.2500_1216_976,1
TCGA-AR-A1AI-DX1_xmin38671_ymin10616_MPP-0.2500_608_0,0
TCGA-AR-A1AI-DX1_xmin38671_ymin10616_MPP-0.2500_608_1952,0
TCGA-AR-A1AI-DX1_xmin38671_ymin10616_MPP-0.2500_608_976,4
TCGA-AR-A1AQ-DX1_xmin18171_ymin38296_MPP-0.2500_0_0,2
TCGA-AR-A1AQ-DX1_xmin18171_ymin38296_MPP-0.2500_0_1625,2
TCGA-AR-A1AQ-DX1_xmin18171_ymin38296_MPP-0.2500_0_813,3
TCGA-AR-A1AQ-DX1_xmin18171_ymin38296_MPP-0.2500_1407_0,0
TCGA-AR-A1AQ-DX1_xmin18171_ymin38296_MPP-0.2500_1407_1625,0
TCGA-AR-A1AQ-DX1_xmin18171_ymin38296_MPP-0.2500_1407_813,4
TCGA-AR-A1AQ-DX1_xmin18171_ymin38296_MPP-0.2500_704_0,4
TCGA-AR-A1AQ-DX1_xmin18171_ymin38296_MPP-0.2500_704_1625,4
TCGA-AR-A1AQ-DX1_xmin18171_ymin38296_MPP-0.2500_704_813,3
TCGA-AR-A1AR-DX1_xmin12708_ymin29100_MPP-0.2500_0_0,3
TCGA-AR-A1AR-DX1_xmin12708_ymin29100_MPP-0.2500_0_1010,1
TCGA-AR-A1AR-DX1_xmin12708_ymin29100_MPP-0.2500_0_2019,2
TCGA-AR-A1AR-DX1_xmin12708_ymin29100_MPP-0.2500_0_3028,0
TCGA-AR-A1AR-DX1_xmin12708_ymin29100_MPP-0.2500_0_4037,2
TCGA-AR-A1AR-DX1_xmin12708_ymin29100_MPP-0.2500_1450_0,2
TCGA-AR-A1AR-DX1_xmin12708_ymin29100_MPP-0.2500_1450_1010,4
TCGA-AR-A1AR-DX1_xmin12708_ymin29100_MPP-0.2500_1450_2019,0
TCGA-AR-A1AR-DX1_xmin12708_ymin29100_MPP-0.2500_1450_3028,4
TCGA-AR-A1AR-DX1_xmin12708_ymin29100_MPP-0.2500_1450_4037,3
TCGA-AR-A1AR-DX1_xmin12708_ymin29100_MPP-0.2500_2175_0,4
TCGA-AR-A1AR-DX1_xmin12708_ymin29100_MPP-0.2500_2175_1010,3
TCGA-AR-A1AR-DX1_xmin12708_ymin29100_MPP-0.2500_2175_2019,2
TCGA-AR-A1AR-DX1_xmin12708_ymin29100_MPP-0.2500_2175_3028,3
TCGA-AR-A1AR-DX1_xmin12708_ymin29100_MPP-0.2500_2175_4037,3
TCGA-AR-A1AR-DX1_xmin12708_ymin29100_MPP-0.2500_725_0,4
TCGA-AR-A1AR-DX1_xmin12708_ymin29100_MPP-0.2500_725_1010,4
TCGA-AR-A1AR-DX1_xmin12708_ymin29100_MPP-0.2500_725_2019,0
TCGA-AR-A1AR-DX1_xmin12708_ymin29100_MPP-0.2500_725_3028,3
TCGA-AR-A1AR-DX1_xmin12708_ymin29100_MPP-0.2500_725_4037,3
TCGA-AR-A1AY-DX1_xmin62652_ymin27061_MPP-0.2500_0_0,3
TCGA-AR-A1AY-DX1_xmin62652_ymin27061_MPP-0.2500_0_1600,1
TCGA-AR-A1AY-DX1_xmin62652_ymin27061_MPP-0.2500_0_800,2
TCGA-AR-A1AY-DX1_xmin62652_ymin27061_MPP-0.2500_782_0,1
TCGA-AR-A1AY-DX1_xmin62652_ymin27061_MPP-0.2500_782_1600,2
TCGA-AR-A1AY-DX1_xmin62652_ymin27061_MPP-0.2500_782_800,2
TCGA-AR-A256-DX1_xmin41577_ymin17076_MPP-0.2500_0_0,4
TCGA-AR-A256-DX1_xmin41577_ymin17076_MPP-0.2500_0_1284,4
TCGA-AR-A256-DX1_xmin41577_ymin17076_MPP-0.2500_0_642,0
TCGA-AR-A256-DX1_xmin41577_ymin17076_MPP-0.2500_1146_0,2
TCGA-AR-A256-DX1_xmin41577_ymin17076_MPP-0.2500_1146_1284,3
TCGA-AR-A256-DX1_xmin41577_ymin17076_MPP-0.2500_1146_642,4
TCGA-AR-A256-DX1_xmin41577_ymin17076_MPP-0.2500_573_0,2
TCGA-AR-A256-DX1_xmin41577_ymin17076_MPP-0.2500_573_1284,2
TCGA-AR-A256-DX1_xmin41577_ymin17076_MPP-0.2500_573_642,2
TCGA-AR-A2LH-DX1_xmin78480_ymin42305_MPP-0.2500_0_0,4
TCGA-AR-A2LH-DX1_xmin78480_ymin42305_MPP-0.2500_0_1692,3
TCGA-AR-A2LH-DX1_xmin78480_ymin42305_MPP-0.2500_0_2538,0
TCGA-AR-A2LH-DX1_xmin78480_ymin42305_MPP-0.2500_0_3383,1
TCGA-AR-A2LH-DX1_xmin78480_ymin42305_MPP-0.2500_0_846,1
TCGA-AR-A2LH-DX1_xmin78480_ymin42305_MPP-0.2500_1407_0,2
TCGA-AR-A2LH-DX1_xmin78480_ymin42305_MPP-0.2500_1407_1692,4
TCGA-AR-A2LH-DX1_xmin78480_ymin42305_MPP-0.2500_1407_2538,3
TCGA-AR-A2LH-DX1_xmin78480_ymin42305_MPP-0.2500_1407_3383,0
TCGA-AR-A2LH-DX1_xmin78480_ymin42305_MPP-0.2500_1407_846,3
TCGA-AR-A2LH-DX1_xmin78480_ymin42305_MPP-0.2500_2110_0,3
TCGA-AR-A2LH-DX1_xmin78480_ymin42305_MPP-0.2500_2110_1692,1
TCGA-AR-A2LH-DX1_xmin78480_ymin42305_MPP-0.2500_2110_2538,1
TCGA-AR-A2LH-DX1_xmin78480_ymin42305_MPP-0.2500_2110_3383,0
TCGA-AR-A2LH-DX1_xmin78480_ymin42305_MPP-0.2500_2110_846,2
TCGA-AR-A2LH-DX1_xmin78480_ymin42305_MPP-0.2500_704_0,1
TCGA-AR-A2LH-DX1_xmin78480_ymin42305_MPP-0.2500_704_1692,3
TCGA-AR-A2LH-DX1_xmin78480_ymin42305_MPP-0.2500_704_2538,3
TCGA-AR-A2LH-DX1_xmin78480_ymin42305_MPP-0.2500_704_3383,4
TCGA-AR-A2LH-DX1_xmin78480_ymin42305_MPP-0.2500_704_846,3
TCGA-AR-A2LR-DX1_xmin46540_ymin31961_MPP-0.2500_0_0,0
TCGA-AR-A2LR-DX1_xmin46540_ymin31961_MPP-0.2500_0_1343,0
TCGA-AR-A2LR-DX1_xmin46540_ymin31961_MPP-0.2500_0_672,2
TCGA-AR-A2LR-DX1_xmin46540_ymin31961_MPP-0.2500_821_0,3
TCGA-AR-A2LR-DX1_xmin46540_ymin31961_MPP-0.2500_821_1343,3
TCGA-AR-A2LR-DX1_xmin46540_ymin31961_MPP-0.2500_821_672,1
TCGA-AR-A5QQ-DX1_xmin107130_ymin49863_MPP-0.2500_0_0,0
TCGA-AR-A5QQ-DX1_xmin107130_ymin49863_MPP-0.2500_0_1862,0
TCGA-AR-A5QQ-DX1_xmin107130_ymin49863_MPP-0.2500_0_2792,3
TCGA-AR-A5QQ-DX1_xmin107130_ymin49863_MPP-0.2500_0_931,3
TCGA-AR-A5QQ-DX1_xmin107130_ymin49863_MPP-0.2500_1902_0,1
TCGA-AR-A5QQ-DX1_xmin107130_ymin49863_MPP-0.2500_1902_1862,4
TCGA-AR-A5QQ-DX1_xmin107130_ymin49863_MPP-0.2500_1902_2792,3
TCGA-AR-A5QQ-DX1_xmin107130_ymin49863_MPP-0.2500_1902_931,3
TCGA-AR-A5QQ-DX1_xmin107130_ymin49863_MPP-0.2500_2852_0,0
TCGA-AR-A5QQ-DX1_xmin107130_ymin49863_MPP-0.2500_2852_1862,4
TCGA-AR-A5QQ-DX1_xmin107130_ymin49863_MPP-0.2500_2852_2792,3
TCGA-AR-A5QQ-DX1_xmin107130_ymin49863_MPP-0.2500_2852_931,3
TCGA-AR-A5QQ-DX1_xmin107130_ymin49863_MPP-0.2500_951_0,0
TCGA-AR-A5QQ-DX1_xmin107130_ymin49863_MPP-0.2500_951_1862,4
TCGA-AR-A5QQ-DX1_xmin107130_ymin49863_MPP-0.2500_951_2792,1
TCGA-AR-A5QQ-DX1_xmin107130_ymin49863_MPP-0.2500_951_931,2
TCGA-BH-A0AV-DX1_xmin77937_ymin57165_MPP-0.2500_0_0,1
TCGA-BH-A0AV-DX1_xmin77937_ymin57165_MPP-0.2500_0_1829,3
TCGA-BH-A0AV-DX1_xmin77937_ymin57165_MPP-0.2500_0_2743,4
TCGA-BH-A0AV-DX1_xmin77937_ymin57165_MPP-0.2500_0_915,3
TCGA-BH-A0AV-DX1_xmin77937_ymin57165_MPP-0.2500_1758_0,0
TCGA-BH-A0AV-DX1_xmin77937_ymin57165_MPP-0.2500_1758_1829,2
TCGA-BH-A0AV-DX1_xmin77937_ymin57165_MPP-0.2500_1758_2743,1
TCGA-BH-A0AV-DX1_xmin77937_ymin57165_MPP-0.2500_1758_915,1
TCGA-BH-A0AV-DX1_xmin77937_ymin57165_MPP-0.2500_879_0,4
TCGA-BH-A0AV-DX1_xmin77937_ymin57165_MPP-0.2500_879_1829,0
TCGA-BH-A0AV-DX1_xmin77937_ymin57165_MPP-0.2500_879_2743,1
TCGA-BH-A0AV-DX1_xmin77937_ymin57165_MPP-0.2500_879_915,3
TCGA-BH-A0B3-DX1_xmin82526_ymin42184_MPP-0.2500_0_0,3
TCGA-BH-A0B3-DX1_xmin82526_ymin42184_MPP-0.2500_0_1966,3
TCGA-BH-A0B3-DX1_xmin82526_ymin42184_MPP-0.2500_0_2949,0
TCGA-BH-A0B3-DX1_xmin82526_ymin42184_MPP-0.2500_0_3931,1
TCGA-BH-A0B3-DX1_xmin82526_ymin42184_MPP-0.2500_0_983,2
TCGA-BH-A0B3-DX1_xmin82526_ymin42184_MPP-0.2500_1209_0,0
TCGA-BH-A0B3-DX1_xmin82526_ymin42184_MPP-0.2500_1209_1966,3
TCGA-BH-A0B3-DX1_xmin82526_ymin42184_MPP-0.2500_1209_2949,4
TCGA-BH-A0B3-DX1_xmin82526_ymin42184_MPP-0.2500_1209_3931,0
TCGA-BH-A0B3-DX1_xmin82526_ymin42184_MPP-0.2500_1209_983,2
TCGA-BH-A0B3-DX1_xmin82526_ymin42184_MPP-0.2500_605_0,4
TCGA-BH-A0B3-DX1_xmin82526_ymin42184_MPP-0.2500_605_1966,3
TCGA-BH-A0B3-DX1_xmin82526_ymin42184_MPP-0.2500_605_2949,1
TCGA-BH-A0B3-DX1_xmin82526_ymin42184_MPP-0.2500_605_3931,3
TCGA-BH-A0B3-DX1_xmin82526_ymin42184_MPP-0.2500_605_983,1
TCGA-BH-A0B9-DX1_xmin62727_ymin56697_MPP-0.2500_0_0,3
TCGA-BH-A0B9-DX1_xmin62727_ymin56697_MPP-0.2500_0_1928,1
TCGA-BH-A0B9-DX1_xmin62727_ymin56697_MPP-0.2500_0_2892,3
TCGA-BH-A0B9-DX1_xmin62727_ymin56697_MPP-0.2500_0_3855,2
TCGA-BH-A0B9-DX1_xmin62727_ymin56697_MPP-0.2500_0_4818,3
TCGA-BH-A0B9-DX1_xmin62727_ymin56697_MPP-0.2500_0_964,4
TCGA-BH-A0B9-DX1_xmin62727_ymin56697_MPP-0.2500_1842_0,4
TCGA-BH-A0B9-DX1_xmin62727_ymin56697_MPP-0.2500_1842_1928,1
TCGA-BH-A0B9-DX1_xmin62727_ymin56697_MPP-0.2500_1842_2892,4
TCGA-BH-A0B9-DX1_xmin62727_ymin56697_MPP-0.2500_1842_3855,2
TCGA-BH-A0B9-DX1_xmin62727_ymin56697_MPP-0.2500_1842_4818,1
TCGA-BH-A0B9-DX1_xmin62727_ymin56697_MPP-0.2500_1842_964,1
TCGA-BH-A0B9-DX1_xmin62727_ymin56697_MPP-0.2500_2763_0,0
TCGA-BH-A0B9-DX1_xmin62727_ymin56697_MPP-0.2500_2763_1928,0
TCGA-BH-A0B9-DX1_xmin62727_ymin56697_MPP-0.2500_2763_2892,4
TCGA-BH-A0B9-DX1_xmin62727_ymin56697_MPP-0.2500_2763_3855,1
TCGA-BH-A0B9-DX1_xmin62727_ymin56697_MPP-0.2500_2763_4818,1
TCGA-BH-A0B9-DX1_xmin62727_ymin56697_MPP-0.2500_2763_964,0
TCGA-BH-A0B9-DX1_xmin62727_ymin56697_MPP-0.2500_3684_0,4
TCGA-BH-A0B9-DX1_xmin62727_ymin56697_MPP-0.2500_3684_1928,2
TCGA-BH-A0B9-DX1_xmin62727_ymin56697_MPP-0.2500_3684_2892,4
TCGA-BH-A0B9-DX1_xmin62727_ymin56697_MPP-0.2500_3684_3855,2
TCGA-BH-A0B9-DX1_xmin62727_ymin56697_MPP-0.2500_3684_4818,0
TCGA-BH-A0B9-DX1_xmin62727_ymin56697_MPP-0.2500_3684_964,0
TCGA-BH-A0B9-DX1_xmin62727_ymin56697_MPP-0.2500_4605_0,1
TCGA-BH-A0B9-DX1_xmin62727_ymin56697_MPP-0.2500_4605_1928,3
TCGA-BH-A0B9-DX1_xmin62727_ymin56697_MPP-0.2500_4605_2892,2
TCGA-BH-A0B9-DX1_xmin62727_ymin56697_MPP-0.2500_4605_3855,4
TCGA-BH-A0B9-DX1_xmin62727_ymin56697_MPP-0.2500_4605_4818,1
TCGA-BH-A0B9-DX1_xmin62727_ymin56697_MPP-0.2500_4605_964,2
TCGA-BH-A0B9-DX1_xmin62727_ymin56697_MPP-0.2500_5525_0,2
TCGA-BH-A0B9-DX1_xmin62727_ymin56697_MPP-0.2500_5525_1928,2
TCGA-BH-A0B9-DX1_xmin62727_ymin56697_MPP-0.2500_5525_2892,0
TCGA-BH-A0B9-DX1_xmin62727_ymin56697_MPP-0.2500_5525_3855,3
TCGA-BH-A0B9-DX1_xmin62727_ymin56697_MPP-0.2500_5525_4818,2
TCGA-BH-A0B9-DX1_xmin62727_ymin56697_MPP-0.2500_5525_964,3
TCGA-BH-A0B9-DX1_xmin62727_ymin56697_MPP-0.2500_921_0,2
TCGA-BH-A0B9-DX1_xmin62727_ymin56697_MPP-0.2500_921_1928,3
TCGA-BH-A0B9-DX1_xmin62727_ymin56697_MPP-0.2500_921_2892,4
TCGA-BH-A0B9-DX1_xmin62727_ymin56697_MPP-0.2500_921_3855,2
TCGA-BH-A0B9-DX1_xmin62727_ymin56697_MPP-0.2500_921_4818,3
TCGA-BH-A0B9-DX1_xmin62727_ymin56697_MPP-0.2500_921_964,2
TCGA-BH-A0BG-DX1_xmin64019_ymin24975_MPP-0.2500_0_0,4
TCGA-BH-A0BG-DX1_xmin64019_ymin24975_MPP-0.2500_0_1386,3
TCGA-BH-A0BG-DX1_xmin64019_ymin24975_MPP-0.2500_0_693,1
TCGA-BH-A0BG-DX1_xmin64019_ymin24975_MPP-0.2500_1647_0,3
TCGA-BH-A0BG-DX1_xmin64019_ymin24975_MPP-0.2500_1647_1386,4
TCGA-BH-A0BG-DX1_xmin64019_ymin24975_MPP-0.2500_1647_693,2
TCGA-BH-A0BG-DX1_xmin64019_ymin24975_MPP-0.2500_2470_0,2
TCGA-BH-A0BG-DX1_xmin64019_ymin24975_MPP-0.2500_2470_1386,4
TCGA-BH-A0BG-DX1_xmin64019_ymin24975_MPP-0.2500_2470_693,1
TCGA-BH-A0BG-DX1_xmin64019_ymin24975_MPP-0.2500_3293_0,4
TCGA-BH-A0BG-DX1_xmin64019_ymin24975_MPP-0.2500_3293_1386,0
TCGA-BH-A0BG-DX1_xmin64019_ymin24975_MPP-0.2500_3293_693,1
TCGA-BH-A0BG-DX1_xmin64019_ymin24975_MPP-0.2500_4116_0,0
TCGA-BH-A0BG-DX1_xmin64019_ymin24975_MPP-0.2500_4116_1386,1
TCGA-BH-A0BG-DX1_xmin64019_ymin24975_MPP-0.2500_4116_693,2
TCGA-BH-A0BG-DX1_xmin64019_ymin24975_MPP-0.2500_824_0,3
TCGA-BH-A0BG-DX1_xmin64019_ymin24975_MPP-0.2500_824_1386,3
TCGA-BH-A0BG-DX1_xmin64019_ymin24975_MPP-0.2500_824_693,3
TCGA-BH-A0BL-DX1_xmin25219_ymin42847_MPP-0.2500_0_0,2
TCGA-BH-A0BL-DX1_xmin25219_ymin42847_MPP-0.2500_0_1964,0
TCGA-BH-A0BL-DX1_xmin25219_ymin42847_MPP-0.2500_0_2946,4
TCGA-BH-A0BL-DX1_xmin25219_ymin42847_MPP-0.2500_0_3927,1
TCGA-BH-A0BL-DX1_xmin25219_ymin42847_MPP-0.2500_0_982,0
TCGA-BH-A0BL-DX1_xmin25219_ymin42847_MPP-0.2500_1485_0,3
TCGA-BH-A0BL-DX1_xmin25219_ymin42847_MPP-0.2500_1485_1964,2
TCGA-BH-A0BL-DX1_xmin25219_ymin42847_MPP-0.2500_1485_2946,3
TCGA-BH-A0BL-DX1_xmin25219_ymin42847_MPP-0.2500_1485_3927,4
TCGA-BH-A0BL-DX1_xmin25219_ymin42847_MPP-0.2500_1485_982,2
TCGA-BH-A0BL-DX1_xmin25219_ymin42847_MPP-0.2500_743_0,4
TCGA-BH-A0BL-DX1_xmin25219_ymin42847_MPP-0.2500_743_1964,0
TCGA-BH-A0BL-DX1_xmin25219_ymin42847_MPP-0.2500_743_2946,3
TCGA-BH-A0BL-DX1_xmin25219_ymin42847_MPP-0.2500_743_3927,2
TCGA-BH-A0BL-DX1_xmin25219_ymin42847_MPP-0.2500_743_982,4
TCGA-BH-A0BW-DX1_xmin42346_ymin30843_MPP-0.2500_0_0,0
TCGA-BH-A0BW-DX1_xmin42346_ymin30843_MPP-0.2500_0_1512,0
TCGA-BH-A0BW-DX1_xmin42346_ymin30843_MPP-0.2500_0_2267,3
TCGA-BH-A0BW-DX1_xmin42346_ymin30843_MPP-0.2500_0_756,0
TCGA-BH-A0BW-DX1_xmin42346_ymin30